Подiя;Дата/час скоєння;Вулиця;Будинок
ПОРУШЕННЯ ПРАВИЛ ДОРОЖНЬОГО РУХУ ( В Т.Ч. ДТП З ТРАВМОВАНИМИ ОСОБАМИ);03.03.2015 9:00;Авіаційна;
ПОРУШЕННЯ ПРАВИЛ ДОРОЖНЬОГО РУХУ ( В Т.Ч. ДТП З ТРАВМОВАНИМИ ОСОБАМИ);10.06.2015 20:20;Авіаційна;7А
ПОРУШЕННЯ ПРАВИЛ ДОРОЖНЬОГО РУХУ ( В Т.Ч. ДТП З ТРАВМОВАНИМИ ОСОБАМИ);11.11.2015 11:00;Антоновича В.;
ПОРУШЕННЯ ПРАВИЛ ДОРОЖНЬОГО РУХУ ( В Т.Ч. ДТП З ТРАВМОВАНИМИ ОСОБАМИ);09.10.2015 17:00;Антоновича В.;32
ПОРУШЕННЯ ПРАВИЛ ДОРОЖНЬОГО РУХУ ( В Т.Ч. ДТП З ТРАВМОВАНИМИ ОСОБАМИ);03.06.2015 8:50;Антоновича В.;
ПОРУШЕННЯ ПРАВИЛ ДОРОЖНЬОГО РУХУ ( В Т.Ч. ДТП З ТРАВМОВАНИМИ ОСОБАМИ);01.12.2015 7:40;Антоновича-Залізняка;
ПОРУШЕННЯ ПРАВИЛ ДОРОЖНЬОГО РУХУ ( В Т.Ч. ДТП З ТРАВМОВАНИМИ ОСОБАМИ);09.11.2015 14:30;Хмельницького Б.;
ПОРУШЕННЯ ПРАВИЛ ДОРОЖНЬОГО РУХУ ( В Т.Ч. ДТП З ТРАВМОВАНИМИ ОСОБАМИ);03.11.2015 10:00;Хмельницького Б.;
ПОРУШЕННЯ ПРАВИЛ ДОРОЖНЬОГО РУХУ ( В Т.Ч. ДТП З ТРАВМОВАНИМИ ОСОБАМИ);17.07.2015 19:15;Хмельницького Б.;145
ПОРУШЕННЯ ПРАВИЛ ДОРОЖНЬОГО РУХУ ( В Т.Ч. ДТП З ТРАВМОВАНИМИ ОСОБАМИ);30.05.2015 18:00;Хмельницького Б.;
ПОРУШЕННЯ ПРАВИЛ ДОРОЖНЬОГО РУХУ ( В Т.Ч. ДТП З ТРАВМОВАНИМИ ОСОБАМИ);15.05.2015 17:30;Хмельницького Б.;271
ПОРУШЕННЯ ПРАВИЛ ДОРОЖНЬОГО РУХУ ( В Т.Ч. ДТП З ТРАВМОВАНИМИ ОСОБАМИ);16.04.2015 23:30;Хмельницького Б.;
ПОРУШЕННЯ ПРАВИЛ ДОРОЖНЬОГО РУХУ ( В Т.Ч. ДТП З ТРАВМОВАНИМИ ОСОБАМИ);24.04.2015 12:05;Бандери С.;
ПОРУШЕННЯ ПРАВИЛ ДОРОЖНЬОГО РУХУ ( В Т.Ч. ДТП З ТРАВМОВАНИМИ ОСОБАМИ);10.08.2015 13:17;Бандери С.;
ПОРУШЕННЯ ПРАВИЛ ДОРОЖНЬОГО РУХУ ( В Т.Ч. ДТП З ТРАВМОВАНИМИ ОСОБАМИ);05.06.2015 23:30;Беринди П.;
ПОРУШЕННЯ ПРАВИЛ ДОРОЖНЬОГО РУХУ ( В Т.Ч. ДТП З ТРАВМОВАНИМИ ОСОБАМИ);26.04.2015 22:51;Білогорща;28
ПОРУШЕННЯ ПРАВИЛ ДОРОЖНЬОГО РУХУ ( В Т.Ч. ДТП З ТРАВМОВАНИМИ ОСОБАМИ);19.04.2015 20:10;Білогорща;63
ПОРУШЕННЯ ПРАВИЛ ДОРОЖНЬОГО РУХУ ( В Т.Ч. ДТП З ТРАВМОВАНИМИ ОСОБАМИ);04.06.2015 21:00;Богданівська;
ПОРУШЕННЯ ПРАВИЛ ДОРОЖНЬОГО РУХУ ( В Т.Ч. ДТП З ТРАВМОВАНИМИ ОСОБАМИ);21.09.2015 10:40;Богданівська;1
ПОРУШЕННЯ ПРАВИЛ ДОРОЖНЬОГО РУХУ ( В Т.Ч. ДТП З ТРАВМОВАНИМИ ОСОБАМИ);26.07.2015 8:50;Боткіна С.;
ПОРУШЕННЯ ПРАВИЛ ДОРОЖНЬОГО РУХУ ( В Т.Ч. ДТП З ТРАВМОВАНИМИ ОСОБАМИ);01.09.2015 9:00;Брюховицька;
ПОРУШЕННЯ ПРАВИЛ ДОРОЖНЬОГО РУХУ ( В Т.Ч. ДТП З ТРАВМОВАНИМИ ОСОБАМИ);04.02.2015 20:00;Брюховицька;
ПОРУШЕННЯ ПРАВИЛ ДОРОЖНЬОГО РУХУ ( В Т.Ч. ДТП З ТРАВМОВАНИМИ ОСОБАМИ);23.10.2015 14:00;Брюховицька;
ПОРУШЕННЯ ПРАВИЛ ДОРОЖНЬОГО РУХУ ( В Т.Ч. ДТП З ТРАВМОВАНИМИ ОСОБАМИ);09.05.2015 15:00;Брюховицька;44
ПОРУШЕННЯ ПРАВИЛ ДОРОЖНЬОГО РУХУ ( В Т.Ч. ДТП З ТРАВМОВАНИМИ ОСОБАМИ);14.07.2015 13:00;Букова;
ПОРУШЕННЯ ПРАВИЛ ДОРОЖНЬОГО РУХУ ( В Т.Ч. ДТП З ТРАВМОВАНИМИ ОСОБАМИ);11.12.2015 12:50;Володимира Великого;
ПОРУШЕННЯ ПРАВИЛ ДОРОЖНЬОГО РУХУ ( В Т.Ч. ДТП З ТРАВМОВАНИМИ ОСОБАМИ);22.11.2015 17:00;Володимира Великого;58
ПОРУШЕННЯ ПРАВИЛ ДОРОЖНЬОГО РУХУ ( В Т.Ч. ДТП З ТРАВМОВАНИМИ ОСОБАМИ);14.11.2015 22:10;Володимира Великого;51
ПОРУШЕННЯ ПРАВИЛ ДОРОЖНЬОГО РУХУ ( В Т.Ч. ДТП З ТРАВМОВАНИМИ ОСОБАМИ);19.10.2015 0:20;Володимира Великого;50
ПОРУШЕННЯ ПРАВИЛ ДОРОЖНЬОГО РУХУ ( В Т.Ч. ДТП З ТРАВМОВАНИМИ ОСОБАМИ);11.09.2015 6:18;Володимира Великого;50
ПОРУШЕННЯ ПРАВИЛ ДОРОЖНЬОГО РУХУ ( В Т.Ч. ДТП З ТРАВМОВАНИМИ ОСОБАМИ);14.08.2015 13:10;Володимира Великого;
ПОРУШЕННЯ ПРАВИЛ ДОРОЖНЬОГО РУХУ ( В Т.Ч. ДТП З ТРАВМОВАНИМИ ОСОБАМИ);08.08.2015 0:15;Володимира Великого;16
ПОРУШЕННЯ ПРАВИЛ ДОРОЖНЬОГО РУХУ ( В Т.Ч. ДТП З ТРАВМОВАНИМИ ОСОБАМИ);17.07.2015 16:10;Володимира Великого;35
ПОРУШЕННЯ ПРАВИЛ ДОРОЖНЬОГО РУХУ ( В Т.Ч. ДТП З ТРАВМОВАНИМИ ОСОБАМИ);02.07.2015 0:55;Володимира Великого;51
ПОРУШЕННЯ ПРАВИЛ ДОРОЖНЬОГО РУХУ ( В Т.Ч. ДТП З ТРАВМОВАНИМИ ОСОБАМИ);07.02.2015 0:00;Володимира Великого;
ПОРУШЕННЯ ПРАВИЛ ДОРОЖНЬОГО РУХУ ( В Т.Ч. ДТП З ТРАВМОВАНИМИ ОСОБАМИ);02.02.2015 16:40;Володимира Великого;23
ПОРУШЕННЯ ПРАВИЛ ДОРОЖНЬОГО РУХУ ( В Т.Ч. ДТП З ТРАВМОВАНИМИ ОСОБАМИ);21.04.2015 23:05;Чорновола В.,просп.;
ПОРУШЕННЯ ПРАВИЛ ДОРОЖНЬОГО РУХУ ( В Т.Ч. ДТП З ТРАВМОВАНИМИ ОСОБАМИ);06.10.2015 17:35;Варшавська;92
ПОРУШЕННЯ ПРАВИЛ ДОРОЖНЬОГО РУХУ ( В Т.Ч. ДТП З ТРАВМОВАНИМИ ОСОБАМИ);24.12.2015 10:26;Варшавська;
ПОРУШЕННЯ ПРАВИЛ ДОРОЖНЬОГО РУХУ ( В Т.Ч. ДТП З ТРАВМОВАНИМИ ОСОБАМИ);04.10.2015 1:55;Варшавська;106
ПОРУШЕННЯ ПРАВИЛ ДОРОЖНЬОГО РУХУ ( В Т.Ч. ДТП З ТРАВМОВАНИМИ ОСОБАМИ);15.05.2015 23:00;Вахнянина А.;
ПОРУШЕННЯ ПРАВИЛ ДОРОЖНЬОГО РУХУ ( В Т.Ч. ДТП З ТРАВМОВАНИМИ ОСОБАМИ);04.07.2015 10:00;Величковського І.;30
ПОРУШЕННЯ ПРАВИЛ ДОРОЖНЬОГО РУХУ ( В Т.Ч. ДТП З ТРАВМОВАНИМИ ОСОБАМИ);23.12.2015 13:35;Виговського І.;5
ПОРУШЕННЯ ПРАВИЛ ДОРОЖНЬОГО РУХУ ( В Т.Ч. ДТП З ТРАВМОВАНИМИ ОСОБАМИ);06.12.2015 11:30;Виговського І.;89
ПОРУШЕННЯ ПРАВИЛ ДОРОЖНЬОГО РУХУ ( В Т.Ч. ДТП З ТРАВМОВАНИМИ ОСОБАМИ);09.11.2015 13:55;Виговського І.;1
ПОРУШЕННЯ ПРАВИЛ ДОРОЖНЬОГО РУХУ ( В Т.Ч. ДТП З ТРАВМОВАНИМИ ОСОБАМИ);21.10.2015 7:07;Виговського І.;32
ПОРУШЕННЯ ПРАВИЛ ДОРОЖНЬОГО РУХУ ( В Т.Ч. ДТП З ТРАВМОВАНИМИ ОСОБАМИ);03.10.2015 16:00;Виговського І.;
ПОРУШЕННЯ ПРАВИЛ ДОРОЖНЬОГО РУХУ ( В Т.Ч. ДТП З ТРАВМОВАНИМИ ОСОБАМИ);21.09.2015 14:15;Виговського І.;45
ПОРУШЕННЯ ПРАВИЛ ДОРОЖНЬОГО РУХУ ( В Т.Ч. ДТП З ТРАВМОВАНИМИ ОСОБАМИ);23.07.2015 14:30;Виговського І.;2
ПОРУШЕННЯ ПРАВИЛ ДОРОЖНЬОГО РУХУ ( В Т.Ч. ДТП З ТРАВМОВАНИМИ ОСОБАМИ);25.06.2015 9:50;Виговського І.;
ПОРУШЕННЯ ПРАВИЛ ДОРОЖНЬОГО РУХУ ( В Т.Ч. ДТП З ТРАВМОВАНИМИ ОСОБАМИ);17.06.2015 15:00;Виговського І.;34
ПОРУШЕННЯ ПРАВИЛ ДОРОЖНЬОГО РУХУ ( В Т.Ч. ДТП З ТРАВМОВАНИМИ ОСОБАМИ);06.06.2015 23:20;Виговського І.;11
ПОРУШЕННЯ ПРАВИЛ ДОРОЖНЬОГО РУХУ ( В Т.Ч. ДТП З ТРАВМОВАНИМИ ОСОБАМИ);16.04.2015 10:30;Виговського І.;100
ПОРУШЕННЯ ПРАВИЛ ДОРОЖНЬОГО РУХУ ( В Т.Ч. ДТП З ТРАВМОВАНИМИ ОСОБАМИ);08.04.2015 15:00;Виговського І.;
ПОРУШЕННЯ ПРАВИЛ ДОРОЖНЬОГО РУХУ ( В Т.Ч. ДТП З ТРАВМОВАНИМИ ОСОБАМИ);23.03.2015 20:15;Виговського І.;83
ПОРУШЕННЯ ПРАВИЛ ДОРОЖНЬОГО РУХУ ( В Т.Ч. ДТП З ТРАВМОВАНИМИ ОСОБАМИ);21.03.2015 12:20;Виговського І.;
ПОРУШЕННЯ ПРАВИЛ ДОРОЖНЬОГО РУХУ ( В Т.Ч. ДТП З ТРАВМОВАНИМИ ОСОБАМИ);25.01.2015 7:15;Виговського І.;
ПОРУШЕННЯ ПРАВИЛ ДОРОЖНЬОГО РУХУ ( В Т.Ч. ДТП З ТРАВМОВАНИМИ ОСОБАМИ);24.05.2015 22:30;Виговського І.;
ПОРУШЕННЯ ПРАВИЛ ДОРОЖНЬОГО РУХУ ( В Т.Ч. ДТП З ТРАВМОВАНИМИ ОСОБАМИ);11.08.2015 16:45;Винниченка-Личаківська;
ПОРУШЕННЯ ПРАВИЛ ДОРОЖНЬОГО РУХУ ( В Т.Ч. ДТП З ТРАВМОВАНИМИ ОСОБАМИ);13.10.2015 15:40;Вітовського Д.;
ПОРУШЕННЯ ПРАВИЛ ДОРОЖНЬОГО РУХУ ( В Т.Ч. ДТП З ТРАВМОВАНИМИ ОСОБАМИ);30.01.2015 20:50;Вітовського Д.;
ПОРУШЕННЯ ПРАВИЛ ДОРОЖНЬОГО РУХУ ( В Т.Ч. ДТП З ТРАВМОВАНИМИ ОСОБАМИ);03.02.2015 9:30;Вітовського Д.;
ПОРУШЕННЯ ПРАВИЛ ДОРОЖНЬОГО РУХУ ( В Т.Ч. ДТП З ТРАВМОВАНИМИ ОСОБАМИ);18.04.2015 16:17;Вітовського Д.;41
ПОРУШЕННЯ ПРАВИЛ ДОРОЖНЬОГО РУХУ ( В Т.Ч. ДТП З ТРАВМОВАНИМИ ОСОБАМИ);24.03.2015 18:11;Вітовського Д.;
ПОРУШЕННЯ ПРАВИЛ ДОРОЖНЬОГО РУХУ ( В Т.Ч. ДТП З ТРАВМОВАНИМИ ОСОБАМИ);24.10.2015 18:45;Володимира Великого;34
ПОРУШЕННЯ ПРАВИЛ ДОРОЖНЬОГО РУХУ ( В Т.Ч. ДТП З ТРАВМОВАНИМИ ОСОБАМИ);07.08.2015 15:10;Володимира Великого;4
ПОРУШЕННЯ ПРАВИЛ ДОРОЖНЬОГО РУХУ ( В Т.Ч. ДТП З ТРАВМОВАНИМИ ОСОБАМИ);30.07.2015 17:54;Володимира Великого;43
ПОРУШЕННЯ ПРАВИЛ ДОРОЖНЬОГО РУХУ ( В Т.Ч. ДТП З ТРАВМОВАНИМИ ОСОБАМИ);04.06.2015 13:51;Володимира Великого;85А
ПОРУШЕННЯ ПРАВИЛ ДОРОЖНЬОГО РУХУ ( В Т.Ч. ДТП З ТРАВМОВАНИМИ ОСОБАМИ);24.05.2015 17:56;Володимира Великого;24А
ПОРУШЕННЯ ПРАВИЛ ДОРОЖНЬОГО РУХУ ( В Т.Ч. ДТП З ТРАВМОВАНИМИ ОСОБАМИ);29.04.2015 8:00;Володимира Великого;20
ПОРУШЕННЯ ПРАВИЛ ДОРОЖНЬОГО РУХУ ( В Т.Ч. ДТП З ТРАВМОВАНИМИ ОСОБАМИ);28.03.2015 16:00;Володимира Великого;14
ПОРУШЕННЯ ПРАВИЛ ДОРОЖНЬОГО РУХУ ( В Т.Ч. ДТП З ТРАВМОВАНИМИ ОСОБАМИ);22.10.2015 21:10;Володимира Великого;4
ПОРУШЕННЯ ПРАВИЛ ДОРОЖНЬОГО РУХУ ( В Т.Ч. ДТП З ТРАВМОВАНИМИ ОСОБАМИ);10.04.2015 12:00;Вороного М.;
ПОРУШЕННЯ ПРАВИЛ ДОРОЖНЬОГО РУХУ ( В Т.Ч. ДТП З ТРАВМОВАНИМИ ОСОБАМИ);09.12.2015 18:00;Героїв УПА;78
ПОРУШЕННЯ ПРАВИЛ ДОРОЖНЬОГО РУХУ ( В Т.Ч. ДТП З ТРАВМОВАНИМИ ОСОБАМИ);06.08.2015 9:45;Героїв УПА;
ПОРУШЕННЯ ПРАВИЛ ДОРОЖНЬОГО РУХУ ( В Т.Ч. ДТП З ТРАВМОВАНИМИ ОСОБАМИ);26.11.2015 19:15;Чупринки Т.,ген.;6
ПОРУШЕННЯ ПРАВИЛ ДОРОЖНЬОГО РУХУ ( В Т.Ч. ДТП З ТРАВМОВАНИМИ ОСОБАМИ);25.06.2015 11:00;Галицька;109
ПОРУШЕННЯ ПРАВИЛ ДОРОЖНЬОГО РУХУ ( В Т.Ч. ДТП З ТРАВМОВАНИМИ ОСОБАМИ);15.08.2015 13:00;Галицька;
ПОРУШЕННЯ ПРАВИЛ ДОРОЖНЬОГО РУХУ ( В Т.Ч. ДТП З ТРАВМОВАНИМИ ОСОБАМИ);03.06.2015 19:00;Галицька;
ПОРУШЕННЯ ПРАВИЛ ДОРОЖНЬОГО РУХУ ( В Т.Ч. ДТП З ТРАВМОВАНИМИ ОСОБАМИ);22.10.2015 9:00;Героїв Майдану;18А
ПОРУШЕННЯ ПРАВИЛ ДОРОЖНЬОГО РУХУ ( В Т.Ч. ДТП З ТРАВМОВАНИМИ ОСОБАМИ);04.03.2015 21:02;Героїв УПА;
ПОРУШЕННЯ ПРАВИЛ ДОРОЖНЬОГО РУХУ ( В Т.Ч. ДТП З ТРАВМОВАНИМИ ОСОБАМИ);27.04.2015 1:50;Героїв УПА;78
ПОРУШЕННЯ ПРАВИЛ ДОРОЖНЬОГО РУХУ ( В Т.Ч. ДТП З ТРАВМОВАНИМИ ОСОБАМИ);23.10.2015 18:00;Гоголя М.;14
ПОРУШЕННЯ ПРАВИЛ ДОРОЖНЬОГО РУХУ ( В Т.Ч. ДТП З ТРАВМОВАНИМИ ОСОБАМИ);24.02.2015 14:42;Гоголя М.;1
ПОРУШЕННЯ ПРАВИЛ ДОРОЖНЬОГО РУХУ ( В Т.Ч. ДТП З ТРАВМОВАНИМИ ОСОБАМИ);21.12.2015 8:35;Головатого А.;3
ПОРУШЕННЯ ПРАВИЛ ДОРОЖНЬОГО РУХУ ( В Т.Ч. ДТП З ТРАВМОВАНИМИ ОСОБАМИ);25.03.2015 20:13;Горбачевського І.;21
ПОРУШЕННЯ ПРАВИЛ ДОРОЖНЬОГО РУХУ ( В Т.Ч. ДТП З ТРАВМОВАНИМИ ОСОБАМИ);25.08.2015 9:00;Городоцька;
ПОРУШЕННЯ ПРАВИЛ ДОРОЖНЬОГО РУХУ ( В Т.Ч. ДТП З ТРАВМОВАНИМИ ОСОБАМИ);20.06.2015 21:00;Городоцька;155
ПОРУШЕННЯ ПРАВИЛ ДОРОЖНЬОГО РУХУ ( В Т.Ч. ДТП З ТРАВМОВАНИМИ ОСОБАМИ);14.06.2015 15:05;Городоцька;299
ПОРУШЕННЯ ПРАВИЛ ДОРОЖНЬОГО РУХУ ( В Т.Ч. ДТП З ТРАВМОВАНИМИ ОСОБАМИ);02.06.2015 17:50;Городоцька;63
ПОРУШЕННЯ ПРАВИЛ ДОРОЖНЬОГО РУХУ ( В Т.Ч. ДТП З ТРАВМОВАНИМИ ОСОБАМИ);02.03.2015 23:50;Городоцька;
ПОРУШЕННЯ ПРАВИЛ ДОРОЖНЬОГО РУХУ ( В Т.Ч. ДТП З ТРАВМОВАНИМИ ОСОБАМИ);23.02.2015 6:15;Городоцька;
ПОРУШЕННЯ ПРАВИЛ ДОРОЖНЬОГО РУХУ ( В Т.Ч. ДТП З ТРАВМОВАНИМИ ОСОБАМИ);06.02.2015 16:30;Городоцька;
ПОРУШЕННЯ ПРАВИЛ ДОРОЖНЬОГО РУХУ ( В Т.Ч. ДТП З ТРАВМОВАНИМИ ОСОБАМИ);17.01.2015 18:40;Городоцька;53
ПОРУШЕННЯ ПРАВИЛ ДОРОЖНЬОГО РУХУ ( В Т.Ч. ДТП З ТРАВМОВАНИМИ ОСОБАМИ);09.01.2015 22:30;Городоцька;76
ПОРУШЕННЯ ПРАВИЛ ДОРОЖНЬОГО РУХУ ( В Т.Ч. ДТП З ТРАВМОВАНИМИ ОСОБАМИ);11.08.2015 19:10;Городоцька;23
ПОРУШЕННЯ ПРАВИЛ ДОРОЖНЬОГО РУХУ ( В Т.Ч. ДТП З ТРАВМОВАНИМИ ОСОБАМИ);25.12.2015 4:50;Городоцька;179
ПОРУШЕННЯ ПРАВИЛ ДОРОЖНЬОГО РУХУ ( В Т.Ч. ДТП З ТРАВМОВАНИМИ ОСОБАМИ);11.12.2015 1:10;Городоцька;
ПОРУШЕННЯ ПРАВИЛ ДОРОЖНЬОГО РУХУ ( В Т.Ч. ДТП З ТРАВМОВАНИМИ ОСОБАМИ);18.11.2015 17:20;Городоцька;80
ПОРУШЕННЯ ПРАВИЛ ДОРОЖНЬОГО РУХУ ( В Т.Ч. ДТП З ТРАВМОВАНИМИ ОСОБАМИ);01.06.2015 21:00;Городоцька;247
ПОРУШЕННЯ ПРАВИЛ ДОРОЖНЬОГО РУХУ ( В Т.Ч. ДТП З ТРАВМОВАНИМИ ОСОБАМИ);12.10.2015 10:25;Городоцька-Бетховина;
ПОРУШЕННЯ ПРАВИЛ ДОРОЖНЬОГО РУХУ ( В Т.Ч. ДТП З ТРАВМОВАНИМИ ОСОБАМИ);30.12.2015 18:44;Городоцька;282
ПОРУШЕННЯ ПРАВИЛ ДОРОЖНЬОГО РУХУ ( В Т.Ч. ДТП З ТРАВМОВАНИМИ ОСОБАМИ);20.12.2015 16:01;Городоцька;234
ПОРУШЕННЯ ПРАВИЛ ДОРОЖНЬОГО РУХУ ( В Т.Ч. ДТП З ТРАВМОВАНИМИ ОСОБАМИ);11.11.2015 14:00;Городоцька;
ПОРУШЕННЯ ПРАВИЛ ДОРОЖНЬОГО РУХУ ( В Т.Ч. ДТП З ТРАВМОВАНИМИ ОСОБАМИ);03.11.2015 13:40;Городоцька;229
ПОРУШЕННЯ ПРАВИЛ ДОРОЖНЬОГО РУХУ ( В Т.Ч. ДТП З ТРАВМОВАНИМИ ОСОБАМИ);31.10.2015 11:30;Городоцька;74
ПОРУШЕННЯ ПРАВИЛ ДОРОЖНЬОГО РУХУ ( В Т.Ч. ДТП З ТРАВМОВАНИМИ ОСОБАМИ);31.10.2015 1:47;Городоцька;
ПОРУШЕННЯ ПРАВИЛ ДОРОЖНЬОГО РУХУ ( В Т.Ч. ДТП З ТРАВМОВАНИМИ ОСОБАМИ);26.10.2015 11:40;Городоцька;172
ПОРУШЕННЯ ПРАВИЛ ДОРОЖНЬОГО РУХУ ( В Т.Ч. ДТП З ТРАВМОВАНИМИ ОСОБАМИ);19.10.2015 16:50;Городоцька;291
ПОРУШЕННЯ ПРАВИЛ ДОРОЖНЬОГО РУХУ ( В Т.Ч. ДТП З ТРАВМОВАНИМИ ОСОБАМИ);13.10.2015 23:10;Городоцька;
ПОРУШЕННЯ ПРАВИЛ ДОРОЖНЬОГО РУХУ ( В Т.Ч. ДТП З ТРАВМОВАНИМИ ОСОБАМИ);02.10.2015 19:30;Городоцька;218
ПОРУШЕННЯ ПРАВИЛ ДОРОЖНЬОГО РУХУ ( В Т.Ч. ДТП З ТРАВМОВАНИМИ ОСОБАМИ);25.09.2015 10:00;Городоцька;185
ПОРУШЕННЯ ПРАВИЛ ДОРОЖНЬОГО РУХУ ( В Т.Ч. ДТП З ТРАВМОВАНИМИ ОСОБАМИ);23.09.2015 22:30;Городоцька;144
ПОРУШЕННЯ ПРАВИЛ ДОРОЖНЬОГО РУХУ ( В Т.Ч. ДТП З ТРАВМОВАНИМИ ОСОБАМИ);13.09.2015 9:40;Городоцька;31
ПОРУШЕННЯ ПРАВИЛ ДОРОЖНЬОГО РУХУ ( В Т.Ч. ДТП З ТРАВМОВАНИМИ ОСОБАМИ);11.09.2015 20:40;Городоцька;
ПОРУШЕННЯ ПРАВИЛ ДОРОЖНЬОГО РУХУ ( В Т.Ч. ДТП З ТРАВМОВАНИМИ ОСОБАМИ);04.09.2015 20:00;Городоцька;284
ПОРУШЕННЯ ПРАВИЛ ДОРОЖНЬОГО РУХУ ( В Т.Ч. ДТП З ТРАВМОВАНИМИ ОСОБАМИ);01.09.2015 15:00;Городоцька;150
ПОРУШЕННЯ ПРАВИЛ ДОРОЖНЬОГО РУХУ ( В Т.Ч. ДТП З ТРАВМОВАНИМИ ОСОБАМИ);27.08.2015 15:00;Городоцька;84
ПОРУШЕННЯ ПРАВИЛ ДОРОЖНЬОГО РУХУ ( В Т.Ч. ДТП З ТРАВМОВАНИМИ ОСОБАМИ);14.08.2015 10:00;Городоцька;105
ПОРУШЕННЯ ПРАВИЛ ДОРОЖНЬОГО РУХУ ( В Т.Ч. ДТП З ТРАВМОВАНИМИ ОСОБАМИ);12.08.2015 10:30;Городоцька;
ПОРУШЕННЯ ПРАВИЛ ДОРОЖНЬОГО РУХУ ( В Т.Ч. ДТП З ТРАВМОВАНИМИ ОСОБАМИ);11.08.2015 14:20;Городоцька;222
ПОРУШЕННЯ ПРАВИЛ ДОРОЖНЬОГО РУХУ ( В Т.Ч. ДТП З ТРАВМОВАНИМИ ОСОБАМИ);11.08.2015 11:45;Городоцька;174
ПОРУШЕННЯ ПРАВИЛ ДОРОЖНЬОГО РУХУ ( В Т.Ч. ДТП З ТРАВМОВАНИМИ ОСОБАМИ);10.08.2015 22:15;Городоцька;
ПОРУШЕННЯ ПРАВИЛ ДОРОЖНЬОГО РУХУ ( В Т.Ч. ДТП З ТРАВМОВАНИМИ ОСОБАМИ);08.08.2015 22:00;Городоцька;91
ПОРУШЕННЯ ПРАВИЛ ДОРОЖНЬОГО РУХУ ( В Т.Ч. ДТП З ТРАВМОВАНИМИ ОСОБАМИ);28.07.2015 2:30;Городоцька;16
ПОРУШЕННЯ ПРАВИЛ ДОРОЖНЬОГО РУХУ ( В Т.Ч. ДТП З ТРАВМОВАНИМИ ОСОБАМИ);22.07.2015 20:40;Городоцька;179
ПОРУШЕННЯ ПРАВИЛ ДОРОЖНЬОГО РУХУ ( В Т.Ч. ДТП З ТРАВМОВАНИМИ ОСОБАМИ);22.07.2015 9:00;Городоцька;91
ПОРУШЕННЯ ПРАВИЛ ДОРОЖНЬОГО РУХУ ( В Т.Ч. ДТП З ТРАВМОВАНИМИ ОСОБАМИ);20.07.2015 14:50;Городоцька;179
ПОРУШЕННЯ ПРАВИЛ ДОРОЖНЬОГО РУХУ ( В Т.Ч. ДТП З ТРАВМОВАНИМИ ОСОБАМИ);17.07.2015 11:00;Городоцька;175
ПОРУШЕННЯ ПРАВИЛ ДОРОЖНЬОГО РУХУ ( В Т.Ч. ДТП З ТРАВМОВАНИМИ ОСОБАМИ);13.07.2015 20:10;Городоцька;171
ПОРУШЕННЯ ПРАВИЛ ДОРОЖНЬОГО РУХУ ( В Т.Ч. ДТП З ТРАВМОВАНИМИ ОСОБАМИ);10.07.2015 11:00;Городоцька;167
ПОРУШЕННЯ ПРАВИЛ ДОРОЖНЬОГО РУХУ ( В Т.Ч. ДТП З ТРАВМОВАНИМИ ОСОБАМИ);02.07.2015 20:00;Городоцька;
ПОРУШЕННЯ ПРАВИЛ ДОРОЖНЬОГО РУХУ ( В Т.Ч. ДТП З ТРАВМОВАНИМИ ОСОБАМИ);22.06.2015 20:20;Городоцька;25
ПОРУШЕННЯ ПРАВИЛ ДОРОЖНЬОГО РУХУ ( В Т.Ч. ДТП З ТРАВМОВАНИМИ ОСОБАМИ);12.06.2015 22:52;Городоцька;62
ПОРУШЕННЯ ПРАВИЛ ДОРОЖНЬОГО РУХУ ( В Т.Ч. ДТП З ТРАВМОВАНИМИ ОСОБАМИ);10.06.2015 8:42;Городоцька;7
ПОРУШЕННЯ ПРАВИЛ ДОРОЖНЬОГО РУХУ ( В Т.Ч. ДТП З ТРАВМОВАНИМИ ОСОБАМИ);05.06.2015 21:31;Городоцька;
ПОРУШЕННЯ ПРАВИЛ ДОРОЖНЬОГО РУХУ ( В Т.Ч. ДТП З ТРАВМОВАНИМИ ОСОБАМИ);02.06.2015 13:19;Городоцька;155
ПОРУШЕННЯ ПРАВИЛ ДОРОЖНЬОГО РУХУ ( В Т.Ч. ДТП З ТРАВМОВАНИМИ ОСОБАМИ);23.05.2015 10:30;Городоцька;
ПОРУШЕННЯ ПРАВИЛ ДОРОЖНЬОГО РУХУ ( В Т.Ч. ДТП З ТРАВМОВАНИМИ ОСОБАМИ);20.05.2015 22:55;Городоцька;219
ПОРУШЕННЯ ПРАВИЛ ДОРОЖНЬОГО РУХУ ( В Т.Ч. ДТП З ТРАВМОВАНИМИ ОСОБАМИ);20.05.2015 18:14;Городоцька;207
ПОРУШЕННЯ ПРАВИЛ ДОРОЖНЬОГО РУХУ ( В Т.Ч. ДТП З ТРАВМОВАНИМИ ОСОБАМИ);16.05.2015 1:40;Городоцька;321
ПОРУШЕННЯ ПРАВИЛ ДОРОЖНЬОГО РУХУ ( В Т.Ч. ДТП З ТРАВМОВАНИМИ ОСОБАМИ);14.05.2015 17:35;Городоцька;169
ПОРУШЕННЯ ПРАВИЛ ДОРОЖНЬОГО РУХУ ( В Т.Ч. ДТП З ТРАВМОВАНИМИ ОСОБАМИ);01.05.2015 21:30;Городоцька;83
ПОРУШЕННЯ ПРАВИЛ ДОРОЖНЬОГО РУХУ ( В Т.Ч. ДТП З ТРАВМОВАНИМИ ОСОБАМИ);01.05.2015 21:08;Городоцька;112
ПОРУШЕННЯ ПРАВИЛ ДОРОЖНЬОГО РУХУ ( В Т.Ч. ДТП З ТРАВМОВАНИМИ ОСОБАМИ);30.04.2015 19:40;Городоцька;90
ПОРУШЕННЯ ПРАВИЛ ДОРОЖНЬОГО РУХУ ( В Т.Ч. ДТП З ТРАВМОВАНИМИ ОСОБАМИ);21.04.2015 15:00;Городоцька;
ПОРУШЕННЯ ПРАВИЛ ДОРОЖНЬОГО РУХУ ( В Т.Ч. ДТП З ТРАВМОВАНИМИ ОСОБАМИ);15.04.2015 6:07;Городоцька;
ПОРУШЕННЯ ПРАВИЛ ДОРОЖНЬОГО РУХУ ( В Т.Ч. ДТП З ТРАВМОВАНИМИ ОСОБАМИ);25.03.2015 14:15;Городоцька;101
ПОРУШЕННЯ ПРАВИЛ ДОРОЖНЬОГО РУХУ ( В Т.Ч. ДТП З ТРАВМОВАНИМИ ОСОБАМИ);02.03.2015 22:30;Городоцька;172
ПОРУШЕННЯ ПРАВИЛ ДОРОЖНЬОГО РУХУ ( В Т.Ч. ДТП З ТРАВМОВАНИМИ ОСОБАМИ);23.02.2015 19:30;Городоцька;168
ПОРУШЕННЯ ПРАВИЛ ДОРОЖНЬОГО РУХУ ( В Т.Ч. ДТП З ТРАВМОВАНИМИ ОСОБАМИ);04.02.2015 20:10;Городоцька;
ПОРУШЕННЯ ПРАВИЛ ДОРОЖНЬОГО РУХУ ( В Т.Ч. ДТП З ТРАВМОВАНИМИ ОСОБАМИ);01.02.2015 16:35;Городоцька;
ПОРУШЕННЯ ПРАВИЛ ДОРОЖНЬОГО РУХУ ( В Т.Ч. ДТП З ТРАВМОВАНИМИ ОСОБАМИ);26.01.2015 17:10;Городоцька;7
ПОРУШЕННЯ ПРАВИЛ ДОРОЖНЬОГО РУХУ ( В Т.Ч. ДТП З ТРАВМОВАНИМИ ОСОБАМИ);20.01.2015 19:08;Городоцька;319
ПОРУШЕННЯ ПРАВИЛ ДОРОЖНЬОГО РУХУ ( В Т.Ч. ДТП З ТРАВМОВАНИМИ ОСОБАМИ);06.06.2015 13:10;Городоцька-Кульпарківська;
ПОРУШЕННЯ ПРАВИЛ ДОРОЖНЬОГО РУХУ ( В Т.Ч. ДТП З ТРАВМОВАНИМИ ОСОБАМИ);28.03.2015 19:30;Городоцька;123
ПОРУШЕННЯ ПРАВИЛ ДОРОЖНЬОГО РУХУ ( В Т.Ч. ДТП З ТРАВМОВАНИМИ ОСОБАМИ);02.08.2015 21:50;Городоцька;245
ПОРУШЕННЯ ПРАВИЛ ДОРОЖНЬОГО РУХУ ( В Т.Ч. ДТП З ТРАВМОВАНИМИ ОСОБАМИ);25.04.2015 17:35;Городоцька;
ПОРУШЕННЯ ПРАВИЛ ДОРОЖНЬОГО РУХУ ( В Т.Ч. ДТП З ТРАВМОВАНИМИ ОСОБАМИ);09.07.2015 10:00;Горської А.;
ПОРУШЕННЯ ПРАВИЛ ДОРОЖНЬОГО РУХУ ( В Т.Ч. ДТП З ТРАВМОВАНИМИ ОСОБАМИ);01.03.2015 15:40;Горської А.;
ПОРУШЕННЯ ПРАВИЛ ДОРОЖНЬОГО РУХУ ( В Т.Ч. ДТП З ТРАВМОВАНИМИ ОСОБАМИ);26.06.2015 12:55;Грабовського П.;
ПОРУШЕННЯ ПРАВИЛ ДОРОЖНЬОГО РУХУ ( В Т.Ч. ДТП З ТРАВМОВАНИМИ ОСОБАМИ);26.09.2015 21:45;Грінченка Б.;1
ПОРУШЕННЯ ПРАВИЛ ДОРОЖНЬОГО РУХУ ( В Т.Ч. ДТП З ТРАВМОВАНИМИ ОСОБАМИ);23.04.2015 19:00;Грінченка Б.;4
ПОРУШЕННЯ ПРАВИЛ ДОРОЖНЬОГО РУХУ ( В Т.Ч. ДТП З ТРАВМОВАНИМИ ОСОБАМИ);14.11.2015 12:10;Грузинська;25
ПОРУШЕННЯ ПРАВИЛ ДОРОЖНЬОГО РУХУ ( В Т.Ч. ДТП З ТРАВМОВАНИМИ ОСОБАМИ);24.04.2015 19:15;Грінченка Б.;
ПОРУШЕННЯ ПРАВИЛ ДОРОЖНЬОГО РУХУ ( В Т.Ч. ДТП З ТРАВМОВАНИМИ ОСОБАМИ);04.06.2015 16:17;Данила Галицького пл.;
ПОРУШЕННЯ ПРАВИЛ ДОРОЖНЬОГО РУХУ ( В Т.Ч. ДТП З ТРАВМОВАНИМИ ОСОБАМИ);19.03.2015 20:25;Двірцева пл.;
ПОРУШЕННЯ ПРАВИЛ ДОРОЖНЬОГО РУХУ ( В Т.Ч. ДТП З ТРАВМОВАНИМИ ОСОБАМИ);07.03.2015 23:30;Двірцева пл.;
ПОРУШЕННЯ ПРАВИЛ ДОРОЖНЬОГО РУХУ ( В Т.Ч. ДТП З ТРАВМОВАНИМИ ОСОБАМИ);02.08.2015 22:00;Вашингтона Дж.;2
ПОРУШЕННЯ ПРАВИЛ ДОРОЖНЬОГО РУХУ ( В Т.Ч. ДТП З ТРАВМОВАНИМИ ОСОБАМИ);15.06.2015 19:30;Ленона Дж.;39
ПОРУШЕННЯ ПРАВИЛ ДОРОЖНЬОГО РУХУ ( В Т.Ч. ДТП З ТРАВМОВАНИМИ ОСОБАМИ);02.07.2015 5:09;Джерельна;30
ПОРУШЕННЯ ПРАВИЛ ДОРОЖНЬОГО РУХУ ( В Т.Ч. ДТП З ТРАВМОВАНИМИ ОСОБАМИ);23.10.2015 2:15;Вашингтона Дж.;
ПОРУШЕННЯ ПРАВИЛ ДОРОЖНЬОГО РУХУ ( В Т.Ч. ДТП З ТРАВМОВАНИМИ ОСОБАМИ);14.10.2015 13:45;Вашингтона Дж.;4
ПОРУШЕННЯ ПРАВИЛ ДОРОЖНЬОГО РУХУ ( В Т.Ч. ДТП З ТРАВМОВАНИМИ ОСОБАМИ);10.06.2015 22:30;Вашингтона Дж.;
ПОРУШЕННЯ ПРАВИЛ ДОРОЖНЬОГО РУХУ ( В Т.Ч. ДТП З ТРАВМОВАНИМИ ОСОБАМИ);13.10.2015 19:35;Дністерська;
ПОРУШЕННЯ ПРАВИЛ ДОРОЖНЬОГО РУХУ ( В Т.Ч. ДТП З ТРАВМОВАНИМИ ОСОБАМИ);12.07.2015 13:00;Дністерська;
ПОРУШЕННЯ ПРАВИЛ ДОРОЖНЬОГО РУХУ ( В Т.Ч. ДТП З ТРАВМОВАНИМИ ОСОБАМИ);05.04.2015 5:20;Довженка О.;1
ПОРУШЕННЯ ПРАВИЛ ДОРОЖНЬОГО РУХУ ( В Т.Ч. ДТП З ТРАВМОВАНИМИ ОСОБАМИ);25.09.2015 7:40;Дорошенка П.;
ПОРУШЕННЯ ПРАВИЛ ДОРОЖНЬОГО РУХУ ( В Т.Ч. ДТП З ТРАВМОВАНИМИ ОСОБАМИ);10.09.2015 14:40;Дорошенка П.;
ПОРУШЕННЯ ПРАВИЛ ДОРОЖНЬОГО РУХУ ( В Т.Ч. ДТП З ТРАВМОВАНИМИ ОСОБАМИ);01.09.2015 20:10;Дорошенка П.;
ПОРУШЕННЯ ПРАВИЛ ДОРОЖНЬОГО РУХУ ( В Т.Ч. ДТП З ТРАВМОВАНИМИ ОСОБАМИ);12.08.2015 16:00;Дорошенка П.;
ПОРУШЕННЯ ПРАВИЛ ДОРОЖНЬОГО РУХУ ( В Т.Ч. ДТП З ТРАВМОВАНИМИ ОСОБАМИ);04.08.2015 21:00;Дорошенка П.;2
ПОРУШЕННЯ ПРАВИЛ ДОРОЖНЬОГО РУХУ ( В Т.Ч. ДТП З ТРАВМОВАНИМИ ОСОБАМИ);27.05.2015 13:45;Дорошенка П.;7
ПОРУШЕННЯ ПРАВИЛ ДОРОЖНЬОГО РУХУ ( В Т.Ч. ДТП З ТРАВМОВАНИМИ ОСОБАМИ);30.04.2015 19:20;Дорошенка П.;
ПОРУШЕННЯ ПРАВИЛ ДОРОЖНЬОГО РУХУ ( В Т.Ч. ДТП З ТРАВМОВАНИМИ ОСОБАМИ);23.03.2015 23:40;Дорошенка П.;54
ПОРУШЕННЯ ПРАВИЛ ДОРОЖНЬОГО РУХУ ( В Т.Ч. ДТП З ТРАВМОВАНИМИ ОСОБАМИ);19.03.2015 14:00;Дорошенка П.;
ПОРУШЕННЯ ПРАВИЛ ДОРОЖНЬОГО РУХУ ( В Т.Ч. ДТП З ТРАВМОВАНИМИ ОСОБАМИ);20.05.2015 14:55;Дорошенка П.;8
ПОРУШЕННЯ ПРАВИЛ ДОРОЖНЬОГО РУХУ ( В Т.Ч. ДТП З ТРАВМОВАНИМИ ОСОБАМИ);30.04.2015 19:35;Дорошенка П.;
ПОРУШЕННЯ ПРАВИЛ ДОРОЖНЬОГО РУХУ ( В Т.Ч. ДТП З ТРАВМОВАНИМИ ОСОБАМИ);28.09.2015 13:25;Дорошенка П.;13
ПОРУШЕННЯ ПРАВИЛ ДОРОЖНЬОГО РУХУ ( В Т.Ч. ДТП З ТРАВМОВАНИМИ ОСОБАМИ);09.07.2015 19:30;Дунайська;32
ПОРУШЕННЯ ПРАВИЛ ДОРОЖНЬОГО РУХУ ( В Т.Ч. ДТП З ТРАВМОВАНИМИ ОСОБАМИ);19.09.2015 18:00;Жасминова;2
ПОРУШЕННЯ ПРАВИЛ ДОРОЖНЬОГО РУХУ ( В Т.Ч. ДТП З ТРАВМОВАНИМИ ОСОБАМИ);25.09.2015 18:00;Житомирська;
ПОРУШЕННЯ ПРАВИЛ ДОРОЖНЬОГО РУХУ ( В Т.Ч. ДТП З ТРАВМОВАНИМИ ОСОБАМИ);05.12.2015 17:13;Жовківська;41
ПОРУШЕННЯ ПРАВИЛ ДОРОЖНЬОГО РУХУ ( В Т.Ч. ДТП З ТРАВМОВАНИМИ ОСОБАМИ);09.07.2015 9:30;Жовківська;15
ПОРУШЕННЯ ПРАВИЛ ДОРОЖНЬОГО РУХУ ( В Т.Ч. ДТП З ТРАВМОВАНИМИ ОСОБАМИ);17.03.2015 8:50;Залізняка М.;
ПОРУШЕННЯ ПРАВИЛ ДОРОЖНЬОГО РУХУ ( В Т.Ч. ДТП З ТРАВМОВАНИМИ ОСОБАМИ);08.12.2015 20:06;Замарстинівська;
ПОРУШЕННЯ ПРАВИЛ ДОРОЖНЬОГО РУХУ ( В Т.Ч. ДТП З ТРАВМОВАНИМИ ОСОБАМИ);21.10.2015 18:50;Замарстинівська;233
ПОРУШЕННЯ ПРАВИЛ ДОРОЖНЬОГО РУХУ ( В Т.Ч. ДТП З ТРАВМОВАНИМИ ОСОБАМИ);27.09.2015 12:47;Замарстинівська;
ПОРУШЕННЯ ПРАВИЛ ДОРОЖНЬОГО РУХУ ( В Т.Ч. ДТП З ТРАВМОВАНИМИ ОСОБАМИ);28.10.2015 7:40;Замарстинівська;244
ПОРУШЕННЯ ПРАВИЛ ДОРОЖНЬОГО РУХУ ( В Т.Ч. ДТП З ТРАВМОВАНИМИ ОСОБАМИ);05.03.2015 21:00;Замарстинівська;
ПОРУШЕННЯ ПРАВИЛ ДОРОЖНЬОГО РУХУ ( В Т.Ч. ДТП З ТРАВМОВАНИМИ ОСОБАМИ);23.04.2015 16:20;Замарстинівська;34
ПОРУШЕННЯ ПРАВИЛ ДОРОЖНЬОГО РУХУ ( В Т.Ч. ДТП З ТРАВМОВАНИМИ ОСОБАМИ);06.02.2015 22:40;Замарстинівська;
ПОРУШЕННЯ ПРАВИЛ ДОРОЖНЬОГО РУХУ ( В Т.Ч. ДТП З ТРАВМОВАНИМИ ОСОБАМИ);28.10.2015 19:00;Запольської Г.;
ПОРУШЕННЯ ПРАВИЛ ДОРОЖНЬОГО РУХУ ( В Т.Ч. ДТП З ТРАВМОВАНИМИ ОСОБАМИ);19.11.2015 19:50;Зелена;11а
ПОРУШЕННЯ ПРАВИЛ ДОРОЖНЬОГО РУХУ ( В Т.Ч. ДТП З ТРАВМОВАНИМИ ОСОБАМИ);22.09.2015 17:30;Зелена;
ПОРУШЕННЯ ПРАВИЛ ДОРОЖНЬОГО РУХУ ( В Т.Ч. ДТП З ТРАВМОВАНИМИ ОСОБАМИ);03.09.2015 17:40;Зелена;
ПОРУШЕННЯ ПРАВИЛ ДОРОЖНЬОГО РУХУ ( В Т.Ч. ДТП З ТРАВМОВАНИМИ ОСОБАМИ);31.08.2015 10:00;Зелена;
ПОРУШЕННЯ ПРАВИЛ ДОРОЖНЬОГО РУХУ ( В Т.Ч. ДТП З ТРАВМОВАНИМИ ОСОБАМИ);03.08.2015 22:30;Зелена;179
ПОРУШЕННЯ ПРАВИЛ ДОРОЖНЬОГО РУХУ ( В Т.Ч. ДТП З ТРАВМОВАНИМИ ОСОБАМИ);03.08.2015 18:20;Зелена;88
ПОРУШЕННЯ ПРАВИЛ ДОРОЖНЬОГО РУХУ ( В Т.Ч. ДТП З ТРАВМОВАНИМИ ОСОБАМИ);18.05.2015 22:45;Зелена;147
ПОРУШЕННЯ ПРАВИЛ ДОРОЖНЬОГО РУХУ ( В Т.Ч. ДТП З ТРАВМОВАНИМИ ОСОБАМИ);11.05.2015 16:20;Зелена;
ПОРУШЕННЯ ПРАВИЛ ДОРОЖНЬОГО РУХУ ( В Т.Ч. ДТП З ТРАВМОВАНИМИ ОСОБАМИ);01.05.2015 15:50;Зелена;
ПОРУШЕННЯ ПРАВИЛ ДОРОЖНЬОГО РУХУ ( В Т.Ч. ДТП З ТРАВМОВАНИМИ ОСОБАМИ);29.04.2015 15:25;Зелена;322
ПОРУШЕННЯ ПРАВИЛ ДОРОЖНЬОГО РУХУ ( В Т.Ч. ДТП З ТРАВМОВАНИМИ ОСОБАМИ);08.01.2015 15:10;Зелена-Дністерська;
ПОРУШЕННЯ ПРАВИЛ ДОРОЖНЬОГО РУХУ ( В Т.Ч. ДТП З ТРАВМОВАНИМИ ОСОБАМИ);28.11.2015 22:07;Зелена;1
ПОРУШЕННЯ ПРАВИЛ ДОРОЖНЬОГО РУХУ ( В Т.Ч. ДТП З ТРАВМОВАНИМИ ОСОБАМИ);09.11.2015 20:50;Зелена;
ПОРУШЕННЯ ПРАВИЛ ДОРОЖНЬОГО РУХУ ( В Т.Ч. ДТП З ТРАВМОВАНИМИ ОСОБАМИ);08.11.2015 18:35;Зелена;
ПОРУШЕННЯ ПРАВИЛ ДОРОЖНЬОГО РУХУ ( В Т.Ч. ДТП З ТРАВМОВАНИМИ ОСОБАМИ);06.11.2015 13:06;Зелена;
ПОРУШЕННЯ ПРАВИЛ ДОРОЖНЬОГО РУХУ ( В Т.Ч. ДТП З ТРАВМОВАНИМИ ОСОБАМИ);31.10.2015 15:30;Зелена;
ПОРУШЕННЯ ПРАВИЛ ДОРОЖНЬОГО РУХУ ( В Т.Ч. ДТП З ТРАВМОВАНИМИ ОСОБАМИ);31.08.2015 10:24;Зелена;115
ПОРУШЕННЯ ПРАВИЛ ДОРОЖНЬОГО РУХУ ( В Т.Ч. ДТП З ТРАВМОВАНИМИ ОСОБАМИ);16.08.2015 23:10;Зелена;109
ПОРУШЕННЯ ПРАВИЛ ДОРОЖНЬОГО РУХУ ( В Т.Ч. ДТП З ТРАВМОВАНИМИ ОСОБАМИ);22.06.2015 12:00;Зелена;115
ПОРУШЕННЯ ПРАВИЛ ДОРОЖНЬОГО РУХУ ( В Т.Ч. ДТП З ТРАВМОВАНИМИ ОСОБАМИ);16.05.2015 16:30;Зелена;
ПОРУШЕННЯ ПРАВИЛ ДОРОЖНЬОГО РУХУ ( В Т.Ч. ДТП З ТРАВМОВАНИМИ ОСОБАМИ);26.04.2015 18:30;Зелена;96
ПОРУШЕННЯ ПРАВИЛ ДОРОЖНЬОГО РУХУ ( В Т.Ч. ДТП З ТРАВМОВАНИМИ ОСОБАМИ);21.03.2015 2:55;Зелена;
ПОРУШЕННЯ ПРАВИЛ ДОРОЖНЬОГО РУХУ ( В Т.Ч. ДТП З ТРАВМОВАНИМИ ОСОБАМИ);02.01.2015 0:30;Зелена;
ПОРУШЕННЯ ПРАВИЛ ДОРОЖНЬОГО РУХУ ( В Т.Ч. ДТП З ТРАВМОВАНИМИ ОСОБАМИ);02.12.2015 17:08;Золота;42
ПОРУШЕННЯ ПРАВИЛ ДОРОЖНЬОГО РУХУ ( В Т.Ч. ДТП З ТРАВМОВАНИМИ ОСОБАМИ);24.07.2015 16:00;Золота;17
ПОРУШЕННЯ ПРАВИЛ ДОРОЖНЬОГО РУХУ ( В Т.Ч. ДТП З ТРАВМОВАНИМИ ОСОБАМИ);21.09.2015 0:10;Зубрівська;25
ПОРУШЕННЯ ПРАВИЛ ДОРОЖНЬОГО РУХУ ( В Т.Ч. ДТП З ТРАВМОВАНИМИ ОСОБАМИ);03.08.2015 10:00;Зубрівська;
ПОРУШЕННЯ ПРАВИЛ ДОРОЖНЬОГО РУХУ ( В Т.Ч. ДТП З ТРАВМОВАНИМИ ОСОБАМИ);11.11.2015 14:30;Франка І.;
ПОРУШЕННЯ ПРАВИЛ ДОРОЖНЬОГО РУХУ ( В Т.Ч. ДТП З ТРАВМОВАНИМИ ОСОБАМИ);30.10.2015 11:30;Франка І.;
ПОРУШЕННЯ ПРАВИЛ ДОРОЖНЬОГО РУХУ ( В Т.Ч. ДТП З ТРАВМОВАНИМИ ОСОБАМИ);02.06.2015 22:20;Івасюка (Брюховичі);8
ПОРУШЕННЯ ПРАВИЛ ДОРОЖНЬОГО РУХУ ( В Т.Ч. ДТП З ТРАВМОВАНИМИ ОСОБАМИ);26.09.2015 11:07;Івасюка (Брюховичі);
ПОРУШЕННЯ ПРАВИЛ ДОРОЖНЬОГО РУХУ ( В Т.Ч. ДТП З ТРАВМОВАНИМИ ОСОБАМИ);13.10.2015 12:05;Княгині Ольги;114
ПОРУШЕННЯ ПРАВИЛ ДОРОЖНЬОГО РУХУ ( В Т.Ч. ДТП З ТРАВМОВАНИМИ ОСОБАМИ);11.06.2015 14:15;Княгині Ольги;114
ПОРУШЕННЯ ПРАВИЛ ДОРОЖНЬОГО РУХУ ( В Т.Ч. ДТП З ТРАВМОВАНИМИ ОСОБАМИ);30.05.2015 16:30;Княгині Ольги;
ПОРУШЕННЯ ПРАВИЛ ДОРОЖНЬОГО РУХУ ( В Т.Ч. ДТП З ТРАВМОВАНИМИ ОСОБАМИ);01.08.2015 20:10;Керамічна;
ПОРУШЕННЯ ПРАВИЛ ДОРОЖНЬОГО РУХУ ( В Т.Ч. ДТП З ТРАВМОВАНИМИ ОСОБАМИ);15.08.2015 13:00;Київська;
ПОРУШЕННЯ ПРАВИЛ ДОРОЖНЬОГО РУХУ ( В Т.Ч. ДТП З ТРАВМОВАНИМИ ОСОБАМИ);27.05.2015 19:09;Клепарівська;30
ПОРУШЕННЯ ПРАВИЛ ДОРОЖНЬОГО РУХУ ( В Т.Ч. ДТП З ТРАВМОВАНИМИ ОСОБАМИ);28.07.2015 18:15;Клепарівська;
ПОРУШЕННЯ ПРАВИЛ ДОРОЖНЬОГО РУХУ ( В Т.Ч. ДТП З ТРАВМОВАНИМИ ОСОБАМИ);20.01.2015 20:15;Клепарівська;15
ПОРУШЕННЯ ПРАВИЛ ДОРОЖНЬОГО РУХУ ( В Т.Ч. ДТП З ТРАВМОВАНИМИ ОСОБАМИ);11.06.2015 8:45;Княгині Ольги;
ПОРУШЕННЯ ПРАВИЛ ДОРОЖНЬОГО РУХУ ( В Т.Ч. ДТП З ТРАВМОВАНИМИ ОСОБАМИ);06.10.2015 20:30;Княгині Ольги;102
ПОРУШЕННЯ ПРАВИЛ ДОРОЖНЬОГО РУХУ ( В Т.Ч. ДТП З ТРАВМОВАНИМИ ОСОБАМИ);31.08.2015 21:36;Княгині Ольги;3
ПОРУШЕННЯ ПРАВИЛ ДОРОЖНЬОГО РУХУ ( В Т.Ч. ДТП З ТРАВМОВАНИМИ ОСОБАМИ);03.07.2015 2:30;Княгині Ольги;
ПОРУШЕННЯ ПРАВИЛ ДОРОЖНЬОГО РУХУ ( В Т.Ч. ДТП З ТРАВМОВАНИМИ ОСОБАМИ);07.04.2015 11:40;Княгині Ольги;45
ПОРУШЕННЯ ПРАВИЛ ДОРОЖНЬОГО РУХУ ( В Т.Ч. ДТП З ТРАВМОВАНИМИ ОСОБАМИ);03.04.2015 12:00;Княгині Ольги;3
ПОРУШЕННЯ ПРАВИЛ ДОРОЖНЬОГО РУХУ ( В Т.Ч. ДТП З ТРАВМОВАНИМИ ОСОБАМИ);24.01.2015 18:01;Княгині Ольги;114
ПОРУШЕННЯ ПРАВИЛ ДОРОЖНЬОГО РУХУ ( В Т.Ч. ДТП З ТРАВМОВАНИМИ ОСОБАМИ);04.11.2015 14:00;Княгині Ольги;
ПОРУШЕННЯ ПРАВИЛ ДОРОЖНЬОГО РУХУ ( В Т.Ч. ДТП З ТРАВМОВАНИМИ ОСОБАМИ);03.06.2015 19:15;Кобилиці Л.;19
ПОРУШЕННЯ ПРАВИЛ ДОРОЖНЬОГО РУХУ ( В Т.Ч. ДТП З ТРАВМОВАНИМИ ОСОБАМИ);11.12.2015 23:30;Коломийська;
ПОРУШЕННЯ ПРАВИЛ ДОРОЖНЬОГО РУХУ ( В Т.Ч. ДТП З ТРАВМОВАНИМИ ОСОБАМИ);26.03.2015 17:00;Коновальця Є.;
ПОРУШЕННЯ ПРАВИЛ ДОРОЖНЬОГО РУХУ ( В Т.Ч. ДТП З ТРАВМОВАНИМИ ОСОБАМИ);26.02.2015 21:00;Коновальця Є.;
ПОРУШЕННЯ ПРАВИЛ ДОРОЖНЬОГО РУХУ ( В Т.Ч. ДТП З ТРАВМОВАНИМИ ОСОБАМИ);02.06.2015 14:30;Коперника М.;28
ПОРУШЕННЯ ПРАВИЛ ДОРОЖНЬОГО РУХУ ( В Т.Ч. ДТП З ТРАВМОВАНИМИ ОСОБАМИ);27.08.2015 9:10;Коперника М.;
ПОРУШЕННЯ ПРАВИЛ ДОРОЖНЬОГО РУХУ ( В Т.Ч. ДТП З ТРАВМОВАНИМИ ОСОБАМИ);07.07.2015 20:00;Коперника М.;1
ПОРУШЕННЯ ПРАВИЛ ДОРОЖНЬОГО РУХУ ( В Т.Ч. ДТП З ТРАВМОВАНИМИ ОСОБАМИ);01.06.2015 15:00;Коперника М.;
ПОРУШЕННЯ ПРАВИЛ ДОРОЖНЬОГО РУХУ ( В Т.Ч. ДТП З ТРАВМОВАНИМИ ОСОБАМИ);04.04.2015 18:45;Короленка В.;
ПОРУШЕННЯ ПРАВИЛ ДОРОЖНЬОГО РУХУ ( В Т.Ч. ДТП З ТРАВМОВАНИМИ ОСОБАМИ);06.09.2015 16:40;Левицького К.;80
ПОРУШЕННЯ ПРАВИЛ ДОРОЖНЬОГО РУХУ ( В Т.Ч. ДТП З ТРАВМОВАНИМИ ОСОБАМИ);06.08.2015 21:30;Кастелівка;12
ПОРУШЕННЯ ПРАВИЛ ДОРОЖНЬОГО РУХУ ( В Т.Ч. ДТП З ТРАВМОВАНИМИ ОСОБАМИ);22.08.2015 13:50;Костюшка Т.;
ПОРУШЕННЯ ПРАВИЛ ДОРОЖНЬОГО РУХУ ( В Т.Ч. ДТП З ТРАВМОВАНИМИ ОСОБАМИ);27.07.2015 15:59;Котляревського І.;
ПОРУШЕННЯ ПРАВИЛ ДОРОЖНЬОГО РУХУ ( В Т.Ч. ДТП З ТРАВМОВАНИМИ ОСОБАМИ);09.06.2015 20:10;Котлярська;
ПОРУШЕННЯ ПРАВИЛ ДОРОЖНЬОГО РУХУ ( В Т.Ч. ДТП З ТРАВМОВАНИМИ ОСОБАМИ);28.04.2015 10:15;Краківська;1
ПОРУШЕННЯ ПРАВИЛ ДОРОЖНЬОГО РУХУ ( В Т.Ч. ДТП З ТРАВМОВАНИМИ ОСОБАМИ);02.03.2015 23:55;Червоної Калини просп.;62
ПОРУШЕННЯ ПРАВИЛ ДОРОЖНЬОГО РУХУ ( В Т.Ч. ДТП З ТРАВМОВАНИМИ ОСОБАМИ);24.06.2015 10:00;Кривоноса М.;
ПОРУШЕННЯ ПРАВИЛ ДОРОЖНЬОГО РУХУ ( В Т.Ч. ДТП З ТРАВМОВАНИМИ ОСОБАМИ);13.09.2015 14:20;Кривоноса М.;6
ПОРУШЕННЯ ПРАВИЛ ДОРОЖНЬОГО РУХУ ( В Т.Ч. ДТП З ТРАВМОВАНИМИ ОСОБАМИ);30.08.2015 0:45;Кривчицька Дорога;2
ПОРУШЕННЯ ПРАВИЛ ДОРОЖНЬОГО РУХУ ( В Т.Ч. ДТП З ТРАВМОВАНИМИ ОСОБАМИ);11.04.2015 12:40;Кривчицька Дорога;33
ПОРУШЕННЯ ПРАВИЛ ДОРОЖНЬОГО РУХУ ( В Т.Ч. ДТП З ТРАВМОВАНИМИ ОСОБАМИ);31.03.2015 20:15;Кропивницького М. пл;
ПОРУШЕННЯ ПРАВИЛ ДОРОЖНЬОГО РУХУ ( В Т.Ч. ДТП З ТРАВМОВАНИМИ ОСОБАМИ);07.07.2015 12:15;Кропивницького М. пл;
ПОРУШЕННЯ ПРАВИЛ ДОРОЖНЬОГО РУХУ ( В Т.Ч. ДТП З ТРАВМОВАНИМИ ОСОБАМИ);15.08.2015 17:00;Круп'ярська;
ПОРУШЕННЯ ПРАВИЛ ДОРОЖНЬОГО РУХУ ( В Т.Ч. ДТП З ТРАВМОВАНИМИ ОСОБАМИ);26.04.2015 23:50;Куликівська;39
ПОРУШЕННЯ ПРАВИЛ ДОРОЖНЬОГО РУХУ ( В Т.Ч. ДТП З ТРАВМОВАНИМИ ОСОБАМИ);26.05.2015 15:50;Куліша П.;11
ПОРУШЕННЯ ПРАВИЛ ДОРОЖНЬОГО РУХУ ( В Т.Ч. ДТП З ТРАВМОВАНИМИ ОСОБАМИ);02.05.2015 16:20;Куліша П.;46
ПОРУШЕННЯ ПРАВИЛ ДОРОЖНЬОГО РУХУ ( В Т.Ч. ДТП З ТРАВМОВАНИМИ ОСОБАМИ);16.06.2015 15:05;Кульпарківська-Володимира Великого;
ПОРУШЕННЯ ПРАВИЛ ДОРОЖНЬОГО РУХУ ( В Т.Ч. ДТП З ТРАВМОВАНИМИ ОСОБАМИ);05.05.2015 17:20;Кульпарківська;
ПОРУШЕННЯ ПРАВИЛ ДОРОЖНЬОГО РУХУ ( В Т.Ч. ДТП З ТРАВМОВАНИМИ ОСОБАМИ);20.08.2015 10:10;Кульпарківська;147
ПОРУШЕННЯ ПРАВИЛ ДОРОЖНЬОГО РУХУ ( В Т.Ч. ДТП З ТРАВМОВАНИМИ ОСОБАМИ);07.08.2015 14:36;Кульпарківська;122
ПОРУШЕННЯ ПРАВИЛ ДОРОЖНЬОГО РУХУ ( В Т.Ч. ДТП З ТРАВМОВАНИМИ ОСОБАМИ);22.06.2015 20:30;Кульпарківська;
ПОРУШЕННЯ ПРАВИЛ ДОРОЖНЬОГО РУХУ ( В Т.Ч. ДТП З ТРАВМОВАНИМИ ОСОБАМИ);04.06.2015 15:29;Кульпарківська;230
ПОРУШЕННЯ ПРАВИЛ ДОРОЖНЬОГО РУХУ ( В Т.Ч. ДТП З ТРАВМОВАНИМИ ОСОБАМИ);04.06.2015 9:49;Кульпарківська;
ПОРУШЕННЯ ПРАВИЛ ДОРОЖНЬОГО РУХУ ( В Т.Ч. ДТП З ТРАВМОВАНИМИ ОСОБАМИ);27.05.2015 10:00;Кульпарківська;
ПОРУШЕННЯ ПРАВИЛ ДОРОЖНЬОГО РУХУ ( В Т.Ч. ДТП З ТРАВМОВАНИМИ ОСОБАМИ);14.04.2015 23:00;Кульпарківська;
ПОРУШЕННЯ ПРАВИЛ ДОРОЖНЬОГО РУХУ ( В Т.Ч. ДТП З ТРАВМОВАНИМИ ОСОБАМИ);05.02.2015 21:43;Кульпарківська;65
ПОРУШЕННЯ ПРАВИЛ ДОРОЖНЬОГО РУХУ ( В Т.Ч. ДТП З ТРАВМОВАНИМИ ОСОБАМИ);16.01.2015 14:39;Кульпарківська;122
ПОРУШЕННЯ ПРАВИЛ ДОРОЖНЬОГО РУХУ ( В Т.Ч. ДТП З ТРАВМОВАНИМИ ОСОБАМИ);20.06.2015 16:00;Кульпарківська-Садова;
ПОРУШЕННЯ ПРАВИЛ ДОРОЖНЬОГО РУХУ ( В Т.Ч. ДТП З ТРАВМОВАНИМИ ОСОБАМИ);02.10.2015 16:40;Кульпарківська;122
ПОРУШЕННЯ ПРАВИЛ ДОРОЖНЬОГО РУХУ ( В Т.Ч. ДТП З ТРАВМОВАНИМИ ОСОБАМИ);08.09.2015 20:50;Кульпарківська;
ПОРУШЕННЯ ПРАВИЛ ДОРОЖНЬОГО РУХУ ( В Т.Ч. ДТП З ТРАВМОВАНИМИ ОСОБАМИ);02.08.2015 19:50;Кульпарківська;111
ПОРУШЕННЯ ПРАВИЛ ДОРОЖНЬОГО РУХУ ( В Т.Ч. ДТП З ТРАВМОВАНИМИ ОСОБАМИ);23.06.2015 23:00;Кульпарківська;
ПОРУШЕННЯ ПРАВИЛ ДОРОЖНЬОГО РУХУ ( В Т.Ч. ДТП З ТРАВМОВАНИМИ ОСОБАМИ);22.05.2015 12:30;Кульпарківська;35
ПОРУШЕННЯ ПРАВИЛ ДОРОЖНЬОГО РУХУ ( В Т.Ч. ДТП З ТРАВМОВАНИМИ ОСОБАМИ);23.04.2015 17:00;Кульпарківська;
ПОРУШЕННЯ ПРАВИЛ ДОРОЖНЬОГО РУХУ ( В Т.Ч. ДТП З ТРАВМОВАНИМИ ОСОБАМИ);19.02.2015 11:00;Кульпарківська;50
ПОРУШЕННЯ ПРАВИЛ ДОРОЖНЬОГО РУХУ ( В Т.Ч. ДТП З ТРАВМОВАНИМИ ОСОБАМИ);22.12.2015 12:30;Кульпарківська;95
ПОРУШЕННЯ ПРАВИЛ ДОРОЖНЬОГО РУХУ ( В Т.Ч. ДТП З ТРАВМОВАНИМИ ОСОБАМИ);31.10.2015 12:30;Кульпарківська;95
ПОРУШЕННЯ ПРАВИЛ ДОРОЖНЬОГО РУХУ ( В Т.Ч. ДТП З ТРАВМОВАНИМИ ОСОБАМИ);12.06.2015 19:40;Кульпарківська;140
ПОРУШЕННЯ ПРАВИЛ ДОРОЖНЬОГО РУХУ ( В Т.Ч. ДТП З ТРАВМОВАНИМИ ОСОБАМИ);01.06.2015 21:00;Кульпарківська;
ПОРУШЕННЯ ПРАВИЛ ДОРОЖНЬОГО РУХУ ( В Т.Ч. ДТП З ТРАВМОВАНИМИ ОСОБАМИ);03.05.2015 23:50;Кульпарківська;
ПОРУШЕННЯ ПРАВИЛ ДОРОЖНЬОГО РУХУ ( В Т.Ч. ДТП З ТРАВМОВАНИМИ ОСОБАМИ);06.04.2015 18:20;Кульпарківська;
ПОРУШЕННЯ ПРАВИЛ ДОРОЖНЬОГО РУХУ ( В Т.Ч. ДТП З ТРАВМОВАНИМИ ОСОБАМИ);12.01.2015 6:30;Кульпарківська;
ПОРУШЕННЯ ПРАВИЛ ДОРОЖНЬОГО РУХУ ( В Т.Ч. ДТП З ТРАВМОВАНИМИ ОСОБАМИ);11.01.2015 3:30;Кульпарківська;
ПОРУШЕННЯ ПРАВИЛ ДОРОЖНЬОГО РУХУ ( В Т.Ч. ДТП З ТРАВМОВАНИМИ ОСОБАМИ);04.06.2015 23:36;Кульчицької О.;
ПОРУШЕННЯ ПРАВИЛ ДОРОЖНЬОГО РУХУ ( В Т.Ч. ДТП З ТРАВМОВАНИМИ ОСОБАМИ);25.10.2015 21:50;Кульчицької О.;3
ПОРУШЕННЯ ПРАВИЛ ДОРОЖНЬОГО РУХУ ( В Т.Ч. ДТП З ТРАВМОВАНИМИ ОСОБАМИ);24.12.2015 17:50;Лазаренка Є.,акад.;48
ПОРУШЕННЯ ПРАВИЛ ДОРОЖНЬОГО РУХУ ( В Т.Ч. ДТП З ТРАВМОВАНИМИ ОСОБАМИ);23.11.2015 19:50;Левандівська;
ПОРУШЕННЯ ПРАВИЛ ДОРОЖНЬОГО РУХУ ( В Т.Ч. ДТП З ТРАВМОВАНИМИ ОСОБАМИ);21.08.2015 14:00;Левандівська;
ПОРУШЕННЯ ПРАВИЛ ДОРОЖНЬОГО РУХУ ( В Т.Ч. ДТП З ТРАВМОВАНИМИ ОСОБАМИ);24.10.2015 0:00;Левандівська;30
ПОРУШЕННЯ ПРАВИЛ ДОРОЖНЬОГО РУХУ ( В Т.Ч. ДТП З ТРАВМОВАНИМИ ОСОБАМИ);01.09.2015 19:20;Левицького К.;
ПОРУШЕННЯ ПРАВИЛ ДОРОЖНЬОГО РУХУ ( В Т.Ч. ДТП З ТРАВМОВАНИМИ ОСОБАМИ);12.05.2015 11:15;Лемківська;
ПОРУШЕННЯ ПРАВИЛ ДОРОЖНЬОГО РУХУ ( В Т.Ч. ДТП З ТРАВМОВАНИМИ ОСОБАМИ);08.06.2015 17:40;Леонтовича М.;26
ПОРУШЕННЯ ПРАВИЛ ДОРОЖНЬОГО РУХУ ( В Т.Ч. ДТП З ТРАВМОВАНИМИ ОСОБАМИ);02.01.2015 18:50;Лінкольна А.;45
ПОРУШЕННЯ ПРАВИЛ ДОРОЖНЬОГО РУХУ ( В Т.Ч. ДТП З ТРАВМОВАНИМИ ОСОБАМИ);14.09.2015 18:00;Липинського В.;
ПОРУШЕННЯ ПРАВИЛ ДОРОЖНЬОГО РУХУ ( В Т.Ч. ДТП З ТРАВМОВАНИМИ ОСОБАМИ);15.04.2015 14:20;Липинського В.;54
ПОРУШЕННЯ ПРАВИЛ ДОРОЖНЬОГО РУХУ ( В Т.Ч. ДТП З ТРАВМОВАНИМИ ОСОБАМИ);29.08.2015 2:30;Липинського В.;
ПОРУШЕННЯ ПРАВИЛ ДОРОЖНЬОГО РУХУ ( В Т.Ч. ДТП З ТРАВМОВАНИМИ ОСОБАМИ);25.12.2015 4:03;Липинського В.;
ПОРУШЕННЯ ПРАВИЛ ДОРОЖНЬОГО РУХУ ( В Т.Ч. ДТП З ТРАВМОВАНИМИ ОСОБАМИ);22.12.2015 14:11;Липинського В.;60
ПОРУШЕННЯ ПРАВИЛ ДОРОЖНЬОГО РУХУ ( В Т.Ч. ДТП З ТРАВМОВАНИМИ ОСОБАМИ);21.12.2015 15:14;Липинського В.;50
ПОРУШЕННЯ ПРАВИЛ ДОРОЖНЬОГО РУХУ ( В Т.Ч. ДТП З ТРАВМОВАНИМИ ОСОБАМИ);28.11.2015 17:35;Липинського В.;44
ПОРУШЕННЯ ПРАВИЛ ДОРОЖНЬОГО РУХУ ( В Т.Ч. ДТП З ТРАВМОВАНИМИ ОСОБАМИ);10.10.2015 13:30;Липинського В.;44
ПОРУШЕННЯ ПРАВИЛ ДОРОЖНЬОГО РУХУ ( В Т.Ч. ДТП З ТРАВМОВАНИМИ ОСОБАМИ);26.09.2015 21:10;Липинського В.;6
ПОРУШЕННЯ ПРАВИЛ ДОРОЖНЬОГО РУХУ ( В Т.Ч. ДТП З ТРАВМОВАНИМИ ОСОБАМИ);20.09.2015 17:00;Липинського В.;
ПОРУШЕННЯ ПРАВИЛ ДОРОЖНЬОГО РУХУ ( В Т.Ч. ДТП З ТРАВМОВАНИМИ ОСОБАМИ);17.09.2015 15:50;Липинського В.;6
ПОРУШЕННЯ ПРАВИЛ ДОРОЖНЬОГО РУХУ ( В Т.Ч. ДТП З ТРАВМОВАНИМИ ОСОБАМИ);01.09.2015 23:00;Липинського В.;44
ПОРУШЕННЯ ПРАВИЛ ДОРОЖНЬОГО РУХУ ( В Т.Ч. ДТП З ТРАВМОВАНИМИ ОСОБАМИ);02.08.2015 18:55;Липинського В.;44
ПОРУШЕННЯ ПРАВИЛ ДОРОЖНЬОГО РУХУ ( В Т.Ч. ДТП З ТРАВМОВАНИМИ ОСОБАМИ);02.07.2015 20:30;Липинського В.;44
ПОРУШЕННЯ ПРАВИЛ ДОРОЖНЬОГО РУХУ ( В Т.Ч. ДТП З ТРАВМОВАНИМИ ОСОБАМИ);24.06.2015 8:25;Липинського В.;
ПОРУШЕННЯ ПРАВИЛ ДОРОЖНЬОГО РУХУ ( В Т.Ч. ДТП З ТРАВМОВАНИМИ ОСОБАМИ);06.05.2015 12:10;Липинського В.;
ПОРУШЕННЯ ПРАВИЛ ДОРОЖНЬОГО РУХУ ( В Т.Ч. ДТП З ТРАВМОВАНИМИ ОСОБАМИ);13.04.2015 21:50;Липинського В.;
ПОРУШЕННЯ ПРАВИЛ ДОРОЖНЬОГО РУХУ ( В Т.Ч. ДТП З ТРАВМОВАНИМИ ОСОБАМИ);09.03.2015 13:10;Липинського В.;44
ПОРУШЕННЯ ПРАВИЛ ДОРОЖНЬОГО РУХУ ( В Т.Ч. ДТП З ТРАВМОВАНИМИ ОСОБАМИ);09.03.2015 4:30;Липинського В.;36
ПОРУШЕННЯ ПРАВИЛ ДОРОЖНЬОГО РУХУ ( В Т.Ч. ДТП З ТРАВМОВАНИМИ ОСОБАМИ);19.02.2015 16:00;Липинського В.;
ПОРУШЕННЯ ПРАВИЛ ДОРОЖНЬОГО РУХУ ( В Т.Ч. ДТП З ТРАВМОВАНИМИ ОСОБАМИ);24.07.2015 0:29;Липинського В.;
ПОРУШЕННЯ ПРАВИЛ ДОРОЖНЬОГО РУХУ ( В Т.Ч. ДТП З ТРАВМОВАНИМИ ОСОБАМИ);16.05.2015 11:33;Липинського В.;53
ПОРУШЕННЯ ПРАВИЛ ДОРОЖНЬОГО РУХУ ( В Т.Ч. ДТП З ТРАВМОВАНИМИ ОСОБАМИ);25.07.2015 0:00;Липова Алея;15
ПОРУШЕННЯ ПРАВИЛ ДОРОЖНЬОГО РУХУ ( В Т.Ч. ДТП З ТРАВМОВАНИМИ ОСОБАМИ);23.11.2015 10:50;Личаківська;33
ПОРУШЕННЯ ПРАВИЛ ДОРОЖНЬОГО РУХУ ( В Т.Ч. ДТП З ТРАВМОВАНИМИ ОСОБАМИ);21.10.2015 10:30;Личаківська;
ПОРУШЕННЯ ПРАВИЛ ДОРОЖНЬОГО РУХУ ( В Т.Ч. ДТП З ТРАВМОВАНИМИ ОСОБАМИ);16.09.2015 8:50;Личаківська;117
ПОРУШЕННЯ ПРАВИЛ ДОРОЖНЬОГО РУХУ ( В Т.Ч. ДТП З ТРАВМОВАНИМИ ОСОБАМИ);23.07.2015 22:45;Личаківська;
ПОРУШЕННЯ ПРАВИЛ ДОРОЖНЬОГО РУХУ ( В Т.Ч. ДТП З ТРАВМОВАНИМИ ОСОБАМИ);26.02.2015 15:00;Личаківська;
ПОРУШЕННЯ ПРАВИЛ ДОРОЖНЬОГО РУХУ ( В Т.Ч. ДТП З ТРАВМОВАНИМИ ОСОБАМИ);18.10.2015 10:50;Личаківська;24
ПОРУШЕННЯ ПРАВИЛ ДОРОЖНЬОГО РУХУ ( В Т.Ч. ДТП З ТРАВМОВАНИМИ ОСОБАМИ);15.09.2015 13:43;Личаківська;33
ПОРУШЕННЯ ПРАВИЛ ДОРОЖНЬОГО РУХУ ( В Т.Ч. ДТП З ТРАВМОВАНИМИ ОСОБАМИ);26.08.2015 8:50;Личаківська;33
ПОРУШЕННЯ ПРАВИЛ ДОРОЖНЬОГО РУХУ ( В Т.Ч. ДТП З ТРАВМОВАНИМИ ОСОБАМИ);26.06.2015 11:45;Личаківська;37
ПОРУШЕННЯ ПРАВИЛ ДОРОЖНЬОГО РУХУ ( В Т.Ч. ДТП З ТРАВМОВАНИМИ ОСОБАМИ);04.04.2015 10:50;Личаківська;159
ПОРУШЕННЯ ПРАВИЛ ДОРОЖНЬОГО РУХУ ( В Т.Ч. ДТП З ТРАВМОВАНИМИ ОСОБАМИ);11.03.2015 12:30;Личаківська;8
ПОРУШЕННЯ ПРАВИЛ ДОРОЖНЬОГО РУХУ ( В Т.Ч. ДТП З ТРАВМОВАНИМИ ОСОБАМИ);11.09.2015 10:30;Личаківська;91
ПОРУШЕННЯ ПРАВИЛ ДОРОЖНЬОГО РУХУ ( В Т.Ч. ДТП З ТРАВМОВАНИМИ ОСОБАМИ);19.11.2015 15:27;Личаківська;75
ПОРУШЕННЯ ПРАВИЛ ДОРОЖНЬОГО РУХУ ( В Т.Ч. ДТП З ТРАВМОВАНИМИ ОСОБАМИ);21.09.2015 17:00;Личаківська;125
ПОРУШЕННЯ ПРАВИЛ ДОРОЖНЬОГО РУХУ ( В Т.Ч. ДТП З ТРАВМОВАНИМИ ОСОБАМИ);01.09.2015 22:20;Личаківська;33
ПОРУШЕННЯ ПРАВИЛ ДОРОЖНЬОГО РУХУ ( В Т.Ч. ДТП З ТРАВМОВАНИМИ ОСОБАМИ);01.09.2015 13:10;Личаківська;66
ПОРУШЕННЯ ПРАВИЛ ДОРОЖНЬОГО РУХУ ( В Т.Ч. ДТП З ТРАВМОВАНИМИ ОСОБАМИ);24.09.2015 22:55;Ломоносова (Винники);94
ПОРУШЕННЯ ПРАВИЛ ДОРОЖНЬОГО РУХУ ( В Т.Ч. ДТП З ТРАВМОВАНИМИ ОСОБАМИ);09.10.2015 10:25;Луганська;
ПОРУШЕННЯ ПРАВИЛ ДОРОЖНЬОГО РУХУ ( В Т.Ч. ДТП З ТРАВМОВАНИМИ ОСОБАМИ);01.10.2015 14:00;Луганська;16
ПОРУШЕННЯ ПРАВИЛ ДОРОЖНЬОГО РУХУ ( В Т.Ч. ДТП З ТРАВМОВАНИМИ ОСОБАМИ);31.08.2015 9:23;Луганська;
ПОРУШЕННЯ ПРАВИЛ ДОРОЖНЬОГО РУХУ ( В Т.Ч. ДТП З ТРАВМОВАНИМИ ОСОБАМИ);07.08.2015 9:42;Луганська;
ПОРУШЕННЯ ПРАВИЛ ДОРОЖНЬОГО РУХУ ( В Т.Ч. ДТП З ТРАВМОВАНИМИ ОСОБАМИ);20.07.2015 22:51;Луганська;
ПОРУШЕННЯ ПРАВИЛ ДОРОЖНЬОГО РУХУ ( В Т.Ч. ДТП З ТРАВМОВАНИМИ ОСОБАМИ);31.03.2015 23:30;Луганська;
ПОРУШЕННЯ ПРАВИЛ ДОРОЖНЬОГО РУХУ ( В Т.Ч. ДТП З ТРАВМОВАНИМИ ОСОБАМИ);04.11.2015 14:15;Личаківська;14
ПОРУШЕННЯ ПРАВИЛ ДОРОЖНЬОГО РУХУ ( В Т.Ч. ДТП З ТРАВМОВАНИМИ ОСОБАМИ);23.09.2015 7:15;Любінська;
ПОРУШЕННЯ ПРАВИЛ ДОРОЖНЬОГО РУХУ ( В Т.Ч. ДТП З ТРАВМОВАНИМИ ОСОБАМИ);31.08.2015 0:30;Любінська;
ПОРУШЕННЯ ПРАВИЛ ДОРОЖНЬОГО РУХУ ( В Т.Ч. ДТП З ТРАВМОВАНИМИ ОСОБАМИ);25.08.2015 19:00;Любінська;
ПОРУШЕННЯ ПРАВИЛ ДОРОЖНЬОГО РУХУ ( В Т.Ч. ДТП З ТРАВМОВАНИМИ ОСОБАМИ);31.10.2015 18:50;Любінська;
ПОРУШЕННЯ ПРАВИЛ ДОРОЖНЬОГО РУХУ ( В Т.Ч. ДТП З ТРАВМОВАНИМИ ОСОБАМИ);09.11.2015 17:25;Любінська-Виговського;
ПОРУШЕННЯ ПРАВИЛ ДОРОЖНЬОГО РУХУ ( В Т.Ч. ДТП З ТРАВМОВАНИМИ ОСОБАМИ);20.07.2015 19:43;Любінська;17
ПОРУШЕННЯ ПРАВИЛ ДОРОЖНЬОГО РУХУ ( В Т.Ч. ДТП З ТРАВМОВАНИМИ ОСОБАМИ);29.05.2015 13:06;Любінська;92
ПОРУШЕННЯ ПРАВИЛ ДОРОЖНЬОГО РУХУ ( В Т.Ч. ДТП З ТРАВМОВАНИМИ ОСОБАМИ);19.05.2015 12:57;Любінська;90
ПОРУШЕННЯ ПРАВИЛ ДОРОЖНЬОГО РУХУ ( В Т.Ч. ДТП З ТРАВМОВАНИМИ ОСОБАМИ);10.06.2015 11:25;Львівська (Брюховичі);3
ПОРУШЕННЯ ПРАВИЛ ДОРОЖНЬОГО РУХУ ( В Т.Ч. ДТП З ТРАВМОВАНИМИ ОСОБАМИ);22.10.2015 11:30;Львівська (Брюховичі);
ПОРУШЕННЯ ПРАВИЛ ДОРОЖНЬОГО РУХУ ( В Т.Ч. ДТП З ТРАВМОВАНИМИ ОСОБАМИ);19.12.2015 12:30;Львівська (Брюховичі);
ПОРУШЕННЯ ПРАВИЛ ДОРОЖНЬОГО РУХУ ( В Т.Ч. ДТП З ТРАВМОВАНИМИ ОСОБАМИ);08.05.2015 13:00;Медової Печери;
ПОРУШЕННЯ ПРАВИЛ ДОРОЖНЬОГО РУХУ ( В Т.Ч. ДТП З ТРАВМОВАНИМИ ОСОБАМИ);13.12.2015 1:18;Мазепи І.,гетьмана;
ПОРУШЕННЯ ПРАВИЛ ДОРОЖНЬОГО РУХУ ( В Т.Ч. ДТП З ТРАВМОВАНИМИ ОСОБАМИ);23.10.2015 6:15;Мазепи І.,гетьмана;25А
ПОРУШЕННЯ ПРАВИЛ ДОРОЖНЬОГО РУХУ ( В Т.Ч. ДТП З ТРАВМОВАНИМИ ОСОБАМИ);15.10.2015 22:10;Мазепи І.,гетьмана;
ПОРУШЕННЯ ПРАВИЛ ДОРОЖНЬОГО РУХУ ( В Т.Ч. ДТП З ТРАВМОВАНИМИ ОСОБАМИ);25.08.2015 8:00;Мазепи І.,гетьмана;21
ПОРУШЕННЯ ПРАВИЛ ДОРОЖНЬОГО РУХУ ( В Т.Ч. ДТП З ТРАВМОВАНИМИ ОСОБАМИ);04.08.2015 11:50;Мазепи І.,гетьмана;
ПОРУШЕННЯ ПРАВИЛ ДОРОЖНЬОГО РУХУ ( В Т.Ч. ДТП З ТРАВМОВАНИМИ ОСОБАМИ);25.07.2015 16:40;Мазепи І.,гетьмана;
ПОРУШЕННЯ ПРАВИЛ ДОРОЖНЬОГО РУХУ ( В Т.Ч. ДТП З ТРАВМОВАНИМИ ОСОБАМИ);25.06.2015 22:10;Мазепи І.,гетьмана;
ПОРУШЕННЯ ПРАВИЛ ДОРОЖНЬОГО РУХУ ( В Т.Ч. ДТП З ТРАВМОВАНИМИ ОСОБАМИ);28.01.2015 16:00;Мазепи І.,гетьмана;18
ПОРУШЕННЯ ПРАВИЛ ДОРОЖНЬОГО РУХУ ( В Т.Ч. ДТП З ТРАВМОВАНИМИ ОСОБАМИ);22.01.2015 11:40;Мазепи І.,гетьмана;
ПОРУШЕННЯ ПРАВИЛ ДОРОЖНЬОГО РУХУ ( В Т.Ч. ДТП З ТРАВМОВАНИМИ ОСОБАМИ);02.07.2015 18:00;Мазепи-Орлика;
ПОРУШЕННЯ ПРАВИЛ ДОРОЖНЬОГО РУХУ ( В Т.Ч. ДТП З ТРАВМОВАНИМИ ОСОБАМИ);29.09.2015 16:25;Максимовича М.;
ПОРУШЕННЯ ПРАВИЛ ДОРОЖНЬОГО РУХУ ( В Т.Ч. ДТП З ТРАВМОВАНИМИ ОСОБАМИ);01.05.2015 19:42;Матейка Я.;
ПОРУШЕННЯ ПРАВИЛ ДОРОЖНЬОГО РУХУ ( В Т.Ч. ДТП З ТРАВМОВАНИМИ ОСОБАМИ);27.06.2015 14:30;Медової Печери;
ПОРУШЕННЯ ПРАВИЛ ДОРОЖНЬОГО РУХУ ( В Т.Ч. ДТП З ТРАВМОВАНИМИ ОСОБАМИ);21.08.2015 19:00;Медової Печери;
ПОРУШЕННЯ ПРАВИЛ ДОРОЖНЬОГО РУХУ ( В Т.Ч. ДТП З ТРАВМОВАНИМИ ОСОБАМИ);19.10.2015 10:30;Мельника А.;18
ПОРУШЕННЯ ПРАВИЛ ДОРОЖНЬОГО РУХУ ( В Т.Ч. ДТП З ТРАВМОВАНИМИ ОСОБАМИ);16.07.2015 18:20;Миколайчука І.;
ПОРУШЕННЯ ПРАВИЛ ДОРОЖНЬОГО РУХУ ( В Т.Ч. ДТП З ТРАВМОВАНИМИ ОСОБАМИ);21.12.2015 8:30;Миколайчука І.;9
ПОРУШЕННЯ ПРАВИЛ ДОРОЖНЬОГО РУХУ ( В Т.Ч. ДТП З ТРАВМОВАНИМИ ОСОБАМИ);11.10.2015 20:40;Миколайчука І.;
ПОРУШЕННЯ ПРАВИЛ ДОРОЖНЬОГО РУХУ ( В Т.Ч. ДТП З ТРАВМОВАНИМИ ОСОБАМИ);19.08.2015 14:00;Миколайчука І.;9
ПОРУШЕННЯ ПРАВИЛ ДОРОЖНЬОГО РУХУ ( В Т.Ч. ДТП З ТРАВМОВАНИМИ ОСОБАМИ);19.08.2015 13:00;Миколайчука І.;
ПОРУШЕННЯ ПРАВИЛ ДОРОЖНЬОГО РУХУ ( В Т.Ч. ДТП З ТРАВМОВАНИМИ ОСОБАМИ);06.01.2015 15:30;Миколайчука І.;
ПОРУШЕННЯ ПРАВИЛ ДОРОЖНЬОГО РУХУ ( В Т.Ч. ДТП З ТРАВМОВАНИМИ ОСОБАМИ);01.12.2015 18:43;Миколайчука-Лінкольна;
ПОРУШЕННЯ ПРАВИЛ ДОРОЖНЬОГО РУХУ ( В Т.Ч. ДТП З ТРАВМОВАНИМИ ОСОБАМИ);02.06.2015 13:00;Міцкевича А. пл;8
ПОРУШЕННЯ ПРАВИЛ ДОРОЖНЬОГО РУХУ ( В Т.Ч. ДТП З ТРАВМОВАНИМИ ОСОБАМИ);10.02.2015 17:25;Міцкевича А. пл;4
ПОРУШЕННЯ ПРАВИЛ ДОРОЖНЬОГО РУХУ ( В Т.Ч. ДТП З ТРАВМОВАНИМИ ОСОБАМИ);28.07.2015 9:30;Миколайчука І.;
ПОРУШЕННЯ ПРАВИЛ ДОРОЖНЬОГО РУХУ ( В Т.Ч. ДТП З ТРАВМОВАНИМИ ОСОБАМИ);26.12.2015 13:00;Наукова;51
ПОРУШЕННЯ ПРАВИЛ ДОРОЖНЬОГО РУХУ ( В Т.Ч. ДТП З ТРАВМОВАНИМИ ОСОБАМИ);17.12.2015 17:50;Наукова;
ПОРУШЕННЯ ПРАВИЛ ДОРОЖНЬОГО РУХУ ( В Т.Ч. ДТП З ТРАВМОВАНИМИ ОСОБАМИ);09.12.2015 18:00;Наукова;43
ПОРУШЕННЯ ПРАВИЛ ДОРОЖНЬОГО РУХУ ( В Т.Ч. ДТП З ТРАВМОВАНИМИ ОСОБАМИ);03.11.2015 22:00;Наукова;4
ПОРУШЕННЯ ПРАВИЛ ДОРОЖНЬОГО РУХУ ( В Т.Ч. ДТП З ТРАВМОВАНИМИ ОСОБАМИ);07.09.2015 22:55;Наукова;
ПОРУШЕННЯ ПРАВИЛ ДОРОЖНЬОГО РУХУ ( В Т.Ч. ДТП З ТРАВМОВАНИМИ ОСОБАМИ);31.08.2015 9:27;Наукова;74
ПОРУШЕННЯ ПРАВИЛ ДОРОЖНЬОГО РУХУ ( В Т.Ч. ДТП З ТРАВМОВАНИМИ ОСОБАМИ);29.08.2015 19:45;Наукова;7
ПОРУШЕННЯ ПРАВИЛ ДОРОЖНЬОГО РУХУ ( В Т.Ч. ДТП З ТРАВМОВАНИМИ ОСОБАМИ);29.08.2015 11:30;Наукова;
ПОРУШЕННЯ ПРАВИЛ ДОРОЖНЬОГО РУХУ ( В Т.Ч. ДТП З ТРАВМОВАНИМИ ОСОБАМИ);18.08.2015 12:30;Наукова;2
ПОРУШЕННЯ ПРАВИЛ ДОРОЖНЬОГО РУХУ ( В Т.Ч. ДТП З ТРАВМОВАНИМИ ОСОБАМИ);09.08.2015 4:20;Наукова;61
ПОРУШЕННЯ ПРАВИЛ ДОРОЖНЬОГО РУХУ ( В Т.Ч. ДТП З ТРАВМОВАНИМИ ОСОБАМИ);25.06.2015 12:30;Наукова;
ПОРУШЕННЯ ПРАВИЛ ДОРОЖНЬОГО РУХУ ( В Т.Ч. ДТП З ТРАВМОВАНИМИ ОСОБАМИ);02.06.2015 11:35;Наукова;30 А
ПОРУШЕННЯ ПРАВИЛ ДОРОЖНЬОГО РУХУ ( В Т.Ч. ДТП З ТРАВМОВАНИМИ ОСОБАМИ);04.04.2015 11:00;Наукова;62
ПОРУШЕННЯ ПРАВИЛ ДОРОЖНЬОГО РУХУ ( В Т.Ч. ДТП З ТРАВМОВАНИМИ ОСОБАМИ);23.03.2015 20:20;Наукова;
ПОРУШЕННЯ ПРАВИЛ ДОРОЖНЬОГО РУХУ ( В Т.Ч. ДТП З ТРАВМОВАНИМИ ОСОБАМИ);23.02.2015 8:05;Наукова;
ПОРУШЕННЯ ПРАВИЛ ДОРОЖНЬОГО РУХУ ( В Т.Ч. ДТП З ТРАВМОВАНИМИ ОСОБАМИ);24.12.2015 0:30;Наукова-Кульпарківська;
ПОРУШЕННЯ ПРАВИЛ ДОРОЖНЬОГО РУХУ ( В Т.Ч. ДТП З ТРАВМОВАНИМИ ОСОБАМИ);19.08.2015 22:20;Наукова;7Б
ПОРУШЕННЯ ПРАВИЛ ДОРОЖНЬОГО РУХУ ( В Т.Ч. ДТП З ТРАВМОВАНИМИ ОСОБАМИ);20.05.2015 10:07;Ніщинського П.;28
ПОРУШЕННЯ ПРАВИЛ ДОРОЖНЬОГО РУХУ ( В Т.Ч. ДТП З ТРАВМОВАНИМИ ОСОБАМИ);20.03.2015 14:30;Новознесенська;
ПОРУШЕННЯ ПРАВИЛ ДОРОЖНЬОГО РУХУ ( В Т.Ч. ДТП З ТРАВМОВАНИМИ ОСОБАМИ);25.06.2015 15:00;Огієнка І.;
ПОРУШЕННЯ ПРАВИЛ ДОРОЖНЬОГО РУХУ ( В Т.Ч. ДТП З ТРАВМОВАНИМИ ОСОБАМИ);22.07.2015 0:00;Окружна;16
ПОРУШЕННЯ ПРАВИЛ ДОРОЖНЬОГО РУХУ ( В Т.Ч. ДТП З ТРАВМОВАНИМИ ОСОБАМИ);13.07.2015 21:30;Свободи просп.;
ПОРУШЕННЯ ПРАВИЛ ДОРОЖНЬОГО РУХУ ( В Т.Ч. ДТП З ТРАВМОВАНИМИ ОСОБАМИ);24.12.2015 20:35;Мирного Панаса;
ПОРУШЕННЯ ПРАВИЛ ДОРОЖНЬОГО РУХУ ( В Т.Ч. ДТП З ТРАВМОВАНИМИ ОСОБАМИ);23.09.2015 19:23;Мирного Панаса;
ПОРУШЕННЯ ПРАВИЛ ДОРОЖНЬОГО РУХУ ( В Т.Ч. ДТП З ТРАВМОВАНИМИ ОСОБАМИ);17.06.2015 18:40;Мирного Панаса;20
ПОРУШЕННЯ ПРАВИЛ ДОРОЖНЬОГО РУХУ ( В Т.Ч. ДТП З ТРАВМОВАНИМИ ОСОБАМИ);23.12.2015 19:48;Панча П.;9
ПОРУШЕННЯ ПРАВИЛ ДОРОЖНЬОГО РУХУ ( В Т.Ч. ДТП З ТРАВМОВАНИМИ ОСОБАМИ);01.10.2015 13:15;Пасічна;42
ПОРУШЕННЯ ПРАВИЛ ДОРОЖНЬОГО РУХУ ( В Т.Ч. ДТП З ТРАВМОВАНИМИ ОСОБАМИ);26.09.2015 20:30;Пасічна;90
ПОРУШЕННЯ ПРАВИЛ ДОРОЖНЬОГО РУХУ ( В Т.Ч. ДТП З ТРАВМОВАНИМИ ОСОБАМИ);02.08.2015 3:30;Пасічна;79
ПОРУШЕННЯ ПРАВИЛ ДОРОЖНЬОГО РУХУ ( В Т.Ч. ДТП З ТРАВМОВАНИМИ ОСОБАМИ);06.10.2015 12:35;Пасічна;
ПОРУШЕННЯ ПРАВИЛ ДОРОЖНЬОГО РУХУ ( В Т.Ч. ДТП З ТРАВМОВАНИМИ ОСОБАМИ);29.12.2015 0:05;Пасічна;91
ПОРУШЕННЯ ПРАВИЛ ДОРОЖНЬОГО РУХУ ( В Т.Ч. ДТП З ТРАВМОВАНИМИ ОСОБАМИ);10.09.2015 10:30;Пасічна;42
ПОРУШЕННЯ ПРАВИЛ ДОРОЖНЬОГО РУХУ ( В Т.Ч. ДТП З ТРАВМОВАНИМИ ОСОБАМИ);15.05.2015 20:00;Пасічна;
ПОРУШЕННЯ ПРАВИЛ ДОРОЖНЬОГО РУХУ ( В Т.Ч. ДТП З ТРАВМОВАНИМИ ОСОБАМИ);17.04.2015 20:28;Пасічна;
ПОРУШЕННЯ ПРАВИЛ ДОРОЖНЬОГО РУХУ ( В Т.Ч. ДТП З ТРАВМОВАНИМИ ОСОБАМИ);06.04.2015 12:31;Пасічна;11
ПОРУШЕННЯ ПРАВИЛ ДОРОЖНЬОГО РУХУ ( В Т.Ч. ДТП З ТРАВМОВАНИМИ ОСОБАМИ);15.01.2015 21:35;Пасічна;
ПОРУШЕННЯ ПРАВИЛ ДОРОЖНЬОГО РУХУ ( В Т.Ч. ДТП З ТРАВМОВАНИМИ ОСОБАМИ);27.12.2015 12:20;Пасічна;47
ПОРУШЕННЯ ПРАВИЛ ДОРОЖНЬОГО РУХУ ( В Т.Ч. ДТП З ТРАВМОВАНИМИ ОСОБАМИ);25.09.2015 20:15;Пасічна;21
ПОРУШЕННЯ ПРАВИЛ ДОРОЖНЬОГО РУХУ ( В Т.Ч. ДТП З ТРАВМОВАНИМИ ОСОБАМИ);05.09.2015 20:50;Пасічна;
ПОРУШЕННЯ ПРАВИЛ ДОРОЖНЬОГО РУХУ ( В Т.Ч. ДТП З ТРАВМОВАНИМИ ОСОБАМИ);30.08.2015 1:35;Пасічна;
ПОРУШЕННЯ ПРАВИЛ ДОРОЖНЬОГО РУХУ ( В Т.Ч. ДТП З ТРАВМОВАНИМИ ОСОБАМИ);18.04.2015 20:20;Пасічна;37
ПОРУШЕННЯ ПРАВИЛ ДОРОЖНЬОГО РУХУ ( В Т.Ч. ДТП З ТРАВМОВАНИМИ ОСОБАМИ);17.10.2015 17:20;Патона Є.;2
ПОРУШЕННЯ ПРАВИЛ ДОРОЖНЬОГО РУХУ ( В Т.Ч. ДТП З ТРАВМОВАНИМИ ОСОБАМИ);22.06.2015 15:00;Патона Є.;
ПОРУШЕННЯ ПРАВИЛ ДОРОЖНЬОГО РУХУ ( В Т.Ч. ДТП З ТРАВМОВАНИМИ ОСОБАМИ);20.06.2015 17:20;Патона Є.;37
ПОРУШЕННЯ ПРАВИЛ ДОРОЖНЬОГО РУХУ ( В Т.Ч. ДТП З ТРАВМОВАНИМИ ОСОБАМИ);30.04.2015 14:40;Патона Є.;2
ПОРУШЕННЯ ПРАВИЛ ДОРОЖНЬОГО РУХУ ( В Т.Ч. ДТП З ТРАВМОВАНИМИ ОСОБАМИ);20.03.2015 16:30;Патона Є.;31
ПОРУШЕННЯ ПРАВИЛ ДОРОЖНЬОГО РУХУ ( В Т.Ч. ДТП З ТРАВМОВАНИМИ ОСОБАМИ);29.01.2015 21:55;Патона Є.;
ПОРУШЕННЯ ПРАВИЛ ДОРОЖНЬОГО РУХУ ( В Т.Ч. ДТП З ТРАВМОВАНИМИ ОСОБАМИ);07.12.2015 17:10;Патона-Ряшівська;
ПОРУШЕННЯ ПРАВИЛ ДОРОЖНЬОГО РУХУ ( В Т.Ч. ДТП З ТРАВМОВАНИМИ ОСОБАМИ);23.08.2015 22:30;Перфецького Л.;
ПОРУШЕННЯ ПРАВИЛ ДОРОЖНЬОГО РУХУ ( В Т.Ч. ДТП З ТРАВМОВАНИМИ ОСОБАМИ);27.05.2015 23:00;Перфецького Л.;
ПОРУШЕННЯ ПРАВИЛ ДОРОЖНЬОГО РУХУ ( В Т.Ч. ДТП З ТРАВМОВАНИМИ ОСОБАМИ);15.04.2015 15:20;Перфецького Л.;
ПОРУШЕННЯ ПРАВИЛ ДОРОЖНЬОГО РУХУ ( В Т.Ч. ДТП З ТРАВМОВАНИМИ ОСОБАМИ);15.01.2015 16:20;Перфецького Л.;
ПОРУШЕННЯ ПРАВИЛ ДОРОЖНЬОГО РУХУ ( В Т.Ч. ДТП З ТРАВМОВАНИМИ ОСОБАМИ);30.09.2015 16:30;Петлюри С.;4
ПОРУШЕННЯ ПРАВИЛ ДОРОЖНЬОГО РУХУ ( В Т.Ч. ДТП З ТРАВМОВАНИМИ ОСОБАМИ);01.09.2015 17:25;Петлюри С.;2
ПОРУШЕННЯ ПРАВИЛ ДОРОЖНЬОГО РУХУ ( В Т.Ч. ДТП З ТРАВМОВАНИМИ ОСОБАМИ);06.04.2015 14:25;Петлюри С.;30
ПОРУШЕННЯ ПРАВИЛ ДОРОЖНЬОГО РУХУ ( В Т.Ч. ДТП З ТРАВМОВАНИМИ ОСОБАМИ);30.03.2015 9:00;Петлюри С.;47
ПОРУШЕННЯ ПРАВИЛ ДОРОЖНЬОГО РУХУ ( В Т.Ч. ДТП З ТРАВМОВАНИМИ ОСОБАМИ);14.02.2015 22:00;Підвальна;
ПОРУШЕННЯ ПРАВИЛ ДОРОЖНЬОГО РУХУ ( В Т.Ч. ДТП З ТРАВМОВАНИМИ ОСОБАМИ);03.01.2015 13:20;Пластова;
ПОРУШЕННЯ ПРАВИЛ ДОРОЖНЬОГО РУХУ ( В Т.Ч. ДТП З ТРАВМОВАНИМИ ОСОБАМИ);18.09.2015 8:20;Повітряна;
ПОРУШЕННЯ ПРАВИЛ ДОРОЖНЬОГО РУХУ ( В Т.Ч. ДТП З ТРАВМОВАНИМИ ОСОБАМИ);01.06.2015 23:30;Повітряна;94
ПОРУШЕННЯ ПРАВИЛ ДОРОЖНЬОГО РУХУ ( В Т.Ч. ДТП З ТРАВМОВАНИМИ ОСОБАМИ);07.05.2015 13:00;Повітряна;
ПОРУШЕННЯ ПРАВИЛ ДОРОЖНЬОГО РУХУ ( В Т.Ч. ДТП З ТРАВМОВАНИМИ ОСОБАМИ);07.10.2015 21:10;Повітряна;2
ПОРУШЕННЯ ПРАВИЛ ДОРОЖНЬОГО РУХУ ( В Т.Ч. ДТП З ТРАВМОВАНИМИ ОСОБАМИ);16.08.2015 13:30;Повітряна;46
ПОРУШЕННЯ ПРАВИЛ ДОРОЖНЬОГО РУХУ ( В Т.Ч. ДТП З ТРАВМОВАНИМИ ОСОБАМИ);30.05.2015 12:05;Підвальна;
ПОРУШЕННЯ ПРАВИЛ ДОРОЖНЬОГО РУХУ ( В Т.Ч. ДТП З ТРАВМОВАНИМИ ОСОБАМИ);18.05.2015 14:50;Підвальна;
ПОРУШЕННЯ ПРАВИЛ ДОРОЖНЬОГО РУХУ ( В Т.Ч. ДТП З ТРАВМОВАНИМИ ОСОБАМИ);24.04.2015 15:05;Підвальна;6
ПОРУШЕННЯ ПРАВИЛ ДОРОЖНЬОГО РУХУ ( В Т.Ч. ДТП З ТРАВМОВАНИМИ ОСОБАМИ);21.12.2015 11:47;Свободи просп.;
ПОРУШЕННЯ ПРАВИЛ ДОРОЖНЬОГО РУХУ ( В Т.Ч. ДТП З ТРАВМОВАНИМИ ОСОБАМИ);13.05.2015 20:20;Червоної Калини просп.;52а
ПОРУШЕННЯ ПРАВИЛ ДОРОЖНЬОГО РУХУ ( В Т.Ч. ДТП З ТРАВМОВАНИМИ ОСОБАМИ);23.12.2015 13:45;Промислова;
ПОРУШЕННЯ ПРАВИЛ ДОРОЖНЬОГО РУХУ ( В Т.Ч. ДТП З ТРАВМОВАНИМИ ОСОБАМИ);16.12.2015 15:50;Промислова;50
ПОРУШЕННЯ ПРАВИЛ ДОРОЖНЬОГО РУХУ ( В Т.Ч. ДТП З ТРАВМОВАНИМИ ОСОБАМИ);26.07.2015 13:15;Промислова;29
ПОРУШЕННЯ ПРАВИЛ ДОРОЖНЬОГО РУХУ ( В Т.Ч. ДТП З ТРАВМОВАНИМИ ОСОБАМИ);18.03.2015 9:40;Промислова;4
ПОРУШЕННЯ ПРАВИЛ ДОРОЖНЬОГО РУХУ ( В Т.Ч. ДТП З ТРАВМОВАНИМИ ОСОБАМИ);08.02.2015 12:15;Промислова;
ПОРУШЕННЯ ПРАВИЛ ДОРОЖНЬОГО РУХУ ( В Т.Ч. ДТП З ТРАВМОВАНИМИ ОСОБАМИ);29.11.2015 0:03;Під Дубом;
ПОРУШЕННЯ ПРАВИЛ ДОРОЖНЬОГО РУХУ ( В Т.Ч. ДТП З ТРАВМОВАНИМИ ОСОБАМИ);01.07.2015 14:30;Ринок пл.;14
ПОРУШЕННЯ ПРАВИЛ ДОРОЖНЬОГО РУХУ ( В Т.Ч. ДТП З ТРАВМОВАНИМИ ОСОБАМИ);26.10.2015 19:30;Рудненська;
ПОРУШЕННЯ ПРАВИЛ ДОРОЖНЬОГО РУХУ ( В Т.Ч. ДТП З ТРАВМОВАНИМИ ОСОБАМИ);04.04.2015 9:05;Рудненська;10
ПОРУШЕННЯ ПРАВИЛ ДОРОЖНЬОГО РУХУ ( В Т.Ч. ДТП З ТРАВМОВАНИМИ ОСОБАМИ);07.09.2015 8:00;Руставелі Ш.;
ПОРУШЕННЯ ПРАВИЛ ДОРОЖНЬОГО РУХУ ( В Т.Ч. ДТП З ТРАВМОВАНИМИ ОСОБАМИ);31.12.2015 15:09;Бандери С.;32а
ПОРУШЕННЯ ПРАВИЛ ДОРОЖНЬОГО РУХУ ( В Т.Ч. ДТП З ТРАВМОВАНИМИ ОСОБАМИ);05.10.2015 14:00;Бандери С.;9
ПОРУШЕННЯ ПРАВИЛ ДОРОЖНЬОГО РУХУ ( В Т.Ч. ДТП З ТРАВМОВАНИМИ ОСОБАМИ);12.02.2015 1:00;Бандери С.;
ПОРУШЕННЯ ПРАВИЛ ДОРОЖНЬОГО РУХУ ( В Т.Ч. ДТП З ТРАВМОВАНИМИ ОСОБАМИ);10.12.2015 12:10;Святого Теодора пл.;5
ПОРУШЕННЯ ПРАВИЛ ДОРОЖНЬОГО РУХУ ( В Т.Ч. ДТП З ТРАВМОВАНИМИ ОСОБАМИ);04.12.2015 2:15;Садова;1
ПОРУШЕННЯ ПРАВИЛ ДОРОЖНЬОГО РУХУ ( В Т.Ч. ДТП З ТРАВМОВАНИМИ ОСОБАМИ);07.06.2015 18:00;Саксаганського П.;
ПОРУШЕННЯ ПРАВИЛ ДОРОЖНЬОГО РУХУ ( В Т.Ч. ДТП З ТРАВМОВАНИМИ ОСОБАМИ);13.02.2015 18:30;Саксаганського П.;8
ПОРУШЕННЯ ПРАВИЛ ДОРОЖНЬОГО РУХУ ( В Т.Ч. ДТП З ТРАВМОВАНИМИ ОСОБАМИ);28.11.2015 17:09;Самійленка В.;2
ПОРУШЕННЯ ПРАВИЛ ДОРОЖНЬОГО РУХУ ( В Т.Ч. ДТП З ТРАВМОВАНИМИ ОСОБАМИ);13.02.2015 10:40;Сар'яна М.;6
ПОРУШЕННЯ ПРАВИЛ ДОРОЖНЬОГО РУХУ ( В Т.Ч. ДТП З ТРАВМОВАНИМИ ОСОБАМИ);02.11.2015 11:50;Сахарова А.,акад.;52
ПОРУШЕННЯ ПРАВИЛ ДОРОЖНЬОГО РУХУ ( В Т.Ч. ДТП З ТРАВМОВАНИМИ ОСОБАМИ);29.10.2015 13:02;Сахарова А.,акад.;44
ПОРУШЕННЯ ПРАВИЛ ДОРОЖНЬОГО РУХУ ( В Т.Ч. ДТП З ТРАВМОВАНИМИ ОСОБАМИ);26.10.2015 11:20;Сахарова А.,акад.;
ПОРУШЕННЯ ПРАВИЛ ДОРОЖНЬОГО РУХУ ( В Т.Ч. ДТП З ТРАВМОВАНИМИ ОСОБАМИ);26.10.2015 9:40;Сахарова А.,акад.;82
ПОРУШЕННЯ ПРАВИЛ ДОРОЖНЬОГО РУХУ ( В Т.Ч. ДТП З ТРАВМОВАНИМИ ОСОБАМИ);01.09.2015 10:15;Сахарова А.,акад.;
ПОРУШЕННЯ ПРАВИЛ ДОРОЖНЬОГО РУХУ ( В Т.Ч. ДТП З ТРАВМОВАНИМИ ОСОБАМИ);12.08.2015 10:40;Сахарова А.,акад.;
ПОРУШЕННЯ ПРАВИЛ ДОРОЖНЬОГО РУХУ ( В Т.Ч. ДТП З ТРАВМОВАНИМИ ОСОБАМИ);30.07.2015 18:30;Сахарова А.,акад.;
ПОРУШЕННЯ ПРАВИЛ ДОРОЖНЬОГО РУХУ ( В Т.Ч. ДТП З ТРАВМОВАНИМИ ОСОБАМИ);27.07.2015 22:37;Сахарова А.,акад.;
ПОРУШЕННЯ ПРАВИЛ ДОРОЖНЬОГО РУХУ ( В Т.Ч. ДТП З ТРАВМОВАНИМИ ОСОБАМИ);24.07.2015 16:50;Сахарова А.,акад.;
ПОРУШЕННЯ ПРАВИЛ ДОРОЖНЬОГО РУХУ ( В Т.Ч. ДТП З ТРАВМОВАНИМИ ОСОБАМИ);12.07.2015 18:24;Сахарова А.,акад.;28
ПОРУШЕННЯ ПРАВИЛ ДОРОЖНЬОГО РУХУ ( В Т.Ч. ДТП З ТРАВМОВАНИМИ ОСОБАМИ);06.06.2015 2:20;Сахарова А.,акад.;
ПОРУШЕННЯ ПРАВИЛ ДОРОЖНЬОГО РУХУ ( В Т.Ч. ДТП З ТРАВМОВАНИМИ ОСОБАМИ);06.05.2015 7:50;Сахарова А.,акад.;32
ПОРУШЕННЯ ПРАВИЛ ДОРОЖНЬОГО РУХУ ( В Т.Ч. ДТП З ТРАВМОВАНИМИ ОСОБАМИ);23.10.2015 23:25;Сахарова А.,акад.;
ПОРУШЕННЯ ПРАВИЛ ДОРОЖНЬОГО РУХУ ( В Т.Ч. ДТП З ТРАВМОВАНИМИ ОСОБАМИ);24.06.2015 15:00;Сахарова А.,акад.;
ПОРУШЕННЯ ПРАВИЛ ДОРОЖНЬОГО РУХУ ( В Т.Ч. ДТП З ТРАВМОВАНИМИ ОСОБАМИ);01.03.2015 3:50;Святого Юра пл.;
ПОРУШЕННЯ ПРАВИЛ ДОРОЖНЬОГО РУХУ ( В Т.Ч. ДТП З ТРАВМОВАНИМИ ОСОБАМИ);05.09.2015 17:20;Свободи просп.;5
ПОРУШЕННЯ ПРАВИЛ ДОРОЖНЬОГО РУХУ ( В Т.Ч. ДТП З ТРАВМОВАНИМИ ОСОБАМИ);15.04.2015 13:40;Свободи просп.;12
ПОРУШЕННЯ ПРАВИЛ ДОРОЖНЬОГО РУХУ ( В Т.Ч. ДТП З ТРАВМОВАНИМИ ОСОБАМИ);13.03.2015 13:30;Свободи просп.;41
ПОРУШЕННЯ ПРАВИЛ ДОРОЖНЬОГО РУХУ ( В Т.Ч. ДТП З ТРАВМОВАНИМИ ОСОБАМИ);10.01.2015 17:40;Свободи просп.;16
ПОРУШЕННЯ ПРАВИЛ ДОРОЖНЬОГО РУХУ ( В Т.Ч. ДТП З ТРАВМОВАНИМИ ОСОБАМИ);02.07.2015 14:15;Свободи просп.;41
ПОРУШЕННЯ ПРАВИЛ ДОРОЖНЬОГО РУХУ ( В Т.Ч. ДТП З ТРАВМОВАНИМИ ОСОБАМИ);19.05.2015 10:00;Свободи просп.;
ПОРУШЕННЯ ПРАВИЛ ДОРОЖНЬОГО РУХУ ( В Т.Ч. ДТП З ТРАВМОВАНИМИ ОСОБАМИ);14.08.2015 19:20;Сигнівка;7
ПОРУШЕННЯ ПРАВИЛ ДОРОЖНЬОГО РУХУ ( В Т.Ч. ДТП З ТРАВМОВАНИМИ ОСОБАМИ);11.11.2015 17:15;Симоненка В.;22
ПОРУШЕННЯ ПРАВИЛ ДОРОЖНЬОГО РУХУ ( В Т.Ч. ДТП З ТРАВМОВАНИМИ ОСОБАМИ);20.04.2015 18:00;Симоненка В.;
ПОРУШЕННЯ ПРАВИЛ ДОРОЖНЬОГО РУХУ ( В Т.Ч. ДТП З ТРАВМОВАНИМИ ОСОБАМИ);27.01.2015 10:46;Симоненка В.;
ПОРУШЕННЯ ПРАВИЛ ДОРОЖНЬОГО РУХУ ( В Т.Ч. ДТП З ТРАВМОВАНИМИ ОСОБАМИ);15.01.2015 15:50;Симоненка В.;
ПОРУШЕННЯ ПРАВИЛ ДОРОЖНЬОГО РУХУ ( В Т.Ч. ДТП З ТРАВМОВАНИМИ ОСОБАМИ);05.01.2015 19:35;Симоненка В.;4
ПОРУШЕННЯ ПРАВИЛ ДОРОЖНЬОГО РУХУ ( В Т.Ч. ДТП З ТРАВМОВАНИМИ ОСОБАМИ);30.12.2015 16:35;Сихівська;
ПОРУШЕННЯ ПРАВИЛ ДОРОЖНЬОГО РУХУ ( В Т.Ч. ДТП З ТРАВМОВАНИМИ ОСОБАМИ);26.11.2015 7:55;Сихівська;
ПОРУШЕННЯ ПРАВИЛ ДОРОЖНЬОГО РУХУ ( В Т.Ч. ДТП З ТРАВМОВАНИМИ ОСОБАМИ);31.01.2015 16:30;Сихівська;16
ПОРУШЕННЯ ПРАВИЛ ДОРОЖНЬОГО РУХУ ( В Т.Ч. ДТП З ТРАВМОВАНИМИ ОСОБАМИ);29.06.2015 23:55;Сихівська;3
ПОРУШЕННЯ ПРАВИЛ ДОРОЖНЬОГО РУХУ ( В Т.Ч. ДТП З ТРАВМОВАНИМИ ОСОБАМИ);24.04.2015 0:00;Сихівська;16
ПОРУШЕННЯ ПРАВИЛ ДОРОЖНЬОГО РУХУ ( В Т.Ч. ДТП З ТРАВМОВАНИМИ ОСОБАМИ);29.10.2015 15:00;Скельна;
ПОРУШЕННЯ ПРАВИЛ ДОРОЖНЬОГО РУХУ ( В Т.Ч. ДТП З ТРАВМОВАНИМИ ОСОБАМИ);05.04.2015 11:00;Скрипника М.;
ПОРУШЕННЯ ПРАВИЛ ДОРОЖНЬОГО РУХУ ( В Т.Ч. ДТП З ТРАВМОВАНИМИ ОСОБАМИ);19.09.2015 12:15;Скрипника М.;1
ПОРУШЕННЯ ПРАВИЛ ДОРОЖНЬОГО РУХУ ( В Т.Ч. ДТП З ТРАВМОВАНИМИ ОСОБАМИ);12.07.2015 20:40;Скрипника М.;10
ПОРУШЕННЯ ПРАВИЛ ДОРОЖНЬОГО РУХУ ( В Т.Ч. ДТП З ТРАВМОВАНИМИ ОСОБАМИ);26.08.2015 18:15;Соборна пл.;1
ПОРУШЕННЯ ПРАВИЛ ДОРОЖНЬОГО РУХУ ( В Т.Ч. ДТП З ТРАВМОВАНИМИ ОСОБАМИ);09.01.2015 14:30;Соборна пл.;13
ПОРУШЕННЯ ПРАВИЛ ДОРОЖНЬОГО РУХУ ( В Т.Ч. ДТП З ТРАВМОВАНИМИ ОСОБАМИ);07.07.2015 12:15;Бандери С.;
ПОРУШЕННЯ ПРАВИЛ ДОРОЖНЬОГО РУХУ ( В Т.Ч. ДТП З ТРАВМОВАНИМИ ОСОБАМИ);05.09.2015 12:00;Бандери С.;
ПОРУШЕННЯ ПРАВИЛ ДОРОЖНЬОГО РУХУ ( В Т.Ч. ДТП З ТРАВМОВАНИМИ ОСОБАМИ);14.06.2015 7:40;Бандери С.;7
ПОРУШЕННЯ ПРАВИЛ ДОРОЖНЬОГО РУХУ ( В Т.Ч. ДТП З ТРАВМОВАНИМИ ОСОБАМИ);31.12.2015 15:10;Стрийська;
ПОРУШЕННЯ ПРАВИЛ ДОРОЖНЬОГО РУХУ ( В Т.Ч. ДТП З ТРАВМОВАНИМИ ОСОБАМИ);07.10.2015 23:30;Стрийська;
ПОРУШЕННЯ ПРАВИЛ ДОРОЖНЬОГО РУХУ ( В Т.Ч. ДТП З ТРАВМОВАНИМИ ОСОБАМИ);18.09.2015 8:00;Стрийська;
ПОРУШЕННЯ ПРАВИЛ ДОРОЖНЬОГО РУХУ ( В Т.Ч. ДТП З ТРАВМОВАНИМИ ОСОБАМИ);23.08.2015 21:20;Стрийська;.
ПОРУШЕННЯ ПРАВИЛ ДОРОЖНЬОГО РУХУ ( В Т.Ч. ДТП З ТРАВМОВАНИМИ ОСОБАМИ);28.07.2015 18:20;Стрийська;
ПОРУШЕННЯ ПРАВИЛ ДОРОЖНЬОГО РУХУ ( В Т.Ч. ДТП З ТРАВМОВАНИМИ ОСОБАМИ);27.06.2015 16:50;Стрийська;312
ПОРУШЕННЯ ПРАВИЛ ДОРОЖНЬОГО РУХУ ( В Т.Ч. ДТП З ТРАВМОВАНИМИ ОСОБАМИ);19.06.2015 0:00;Стрийська;
ПОРУШЕННЯ ПРАВИЛ ДОРОЖНЬОГО РУХУ ( В Т.Ч. ДТП З ТРАВМОВАНИМИ ОСОБАМИ);02.06.2015 14:00;Стрийська;
ПОРУШЕННЯ ПРАВИЛ ДОРОЖНЬОГО РУХУ ( В Т.Ч. ДТП З ТРАВМОВАНИМИ ОСОБАМИ);01.03.2015 11:15;Стрийська;
ПОРУШЕННЯ ПРАВИЛ ДОРОЖНЬОГО РУХУ ( В Т.Ч. ДТП З ТРАВМОВАНИМИ ОСОБАМИ);08.12.2015 8:30;Стрийська;
ПОРУШЕННЯ ПРАВИЛ ДОРОЖНЬОГО РУХУ ( В Т.Ч. ДТП З ТРАВМОВАНИМИ ОСОБАМИ);27.11.2015 17:30;Стрийська;310
ПОРУШЕННЯ ПРАВИЛ ДОРОЖНЬОГО РУХУ ( В Т.Ч. ДТП З ТРАВМОВАНИМИ ОСОБАМИ);17.11.2015 21:27;Стрийська;176
ПОРУШЕННЯ ПРАВИЛ ДОРОЖНЬОГО РУХУ ( В Т.Ч. ДТП З ТРАВМОВАНИМИ ОСОБАМИ);25.06.2015 1:30;Стрийська;
ПОРУШЕННЯ ПРАВИЛ ДОРОЖНЬОГО РУХУ ( В Т.Ч. ДТП З ТРАВМОВАНИМИ ОСОБАМИ);22.11.2015 18:20;Стрийська;74
ПОРУШЕННЯ ПРАВИЛ ДОРОЖНЬОГО РУХУ ( В Т.Ч. ДТП З ТРАВМОВАНИМИ ОСОБАМИ);19.11.2015 21:00;Стрийська;
ПОРУШЕННЯ ПРАВИЛ ДОРОЖНЬОГО РУХУ ( В Т.Ч. ДТП З ТРАВМОВАНИМИ ОСОБАМИ);08.11.2015 19:40;Стрийська;
ПОРУШЕННЯ ПРАВИЛ ДОРОЖНЬОГО РУХУ ( В Т.Ч. ДТП З ТРАВМОВАНИМИ ОСОБАМИ);02.11.2015 11:40;Стрийська;30
ПОРУШЕННЯ ПРАВИЛ ДОРОЖНЬОГО РУХУ ( В Т.Ч. ДТП З ТРАВМОВАНИМИ ОСОБАМИ);02.11.2015 9:20;Стрийська;71
ПОРУШЕННЯ ПРАВИЛ ДОРОЖНЬОГО РУХУ ( В Т.Ч. ДТП З ТРАВМОВАНИМИ ОСОБАМИ);24.10.2015 15:20;Стрийська;109
ПОРУШЕННЯ ПРАВИЛ ДОРОЖНЬОГО РУХУ ( В Т.Ч. ДТП З ТРАВМОВАНИМИ ОСОБАМИ);21.10.2015 19:00;Стрийська;
ПОРУШЕННЯ ПРАВИЛ ДОРОЖНЬОГО РУХУ ( В Т.Ч. ДТП З ТРАВМОВАНИМИ ОСОБАМИ);04.09.2015 14:05;Стрийська;45
ПОРУШЕННЯ ПРАВИЛ ДОРОЖНЬОГО РУХУ ( В Т.Ч. ДТП З ТРАВМОВАНИМИ ОСОБАМИ);31.08.2015 19:30;Стрийська;78
ПОРУШЕННЯ ПРАВИЛ ДОРОЖНЬОГО РУХУ ( В Т.Ч. ДТП З ТРАВМОВАНИМИ ОСОБАМИ);26.07.2015 19:35;Стрийська;202
ПОРУШЕННЯ ПРАВИЛ ДОРОЖНЬОГО РУХУ ( В Т.Ч. ДТП З ТРАВМОВАНИМИ ОСОБАМИ);22.06.2015 1:00;Стрийська;
ПОРУШЕННЯ ПРАВИЛ ДОРОЖНЬОГО РУХУ ( В Т.Ч. ДТП З ТРАВМОВАНИМИ ОСОБАМИ);03.06.2015 23:50;Стрийська;
ПОРУШЕННЯ ПРАВИЛ ДОРОЖНЬОГО РУХУ ( В Т.Ч. ДТП З ТРАВМОВАНИМИ ОСОБАМИ);25.04.2015 23:00;Стрийська;47
ПОРУШЕННЯ ПРАВИЛ ДОРОЖНЬОГО РУХУ ( В Т.Ч. ДТП З ТРАВМОВАНИМИ ОСОБАМИ);23.04.2015 22:40;Стрийська;75
ПОРУШЕННЯ ПРАВИЛ ДОРОЖНЬОГО РУХУ ( В Т.Ч. ДТП З ТРАВМОВАНИМИ ОСОБАМИ);22.04.2015 12:40;Стрийська;
ПОРУШЕННЯ ПРАВИЛ ДОРОЖНЬОГО РУХУ ( В Т.Ч. ДТП З ТРАВМОВАНИМИ ОСОБАМИ);12.04.2015 9:20;Стрийська;350
ПОРУШЕННЯ ПРАВИЛ ДОРОЖНЬОГО РУХУ ( В Т.Ч. ДТП З ТРАВМОВАНИМИ ОСОБАМИ);13.03.2015 21:04;Стрийська;6
ПОРУШЕННЯ ПРАВИЛ ДОРОЖНЬОГО РУХУ ( В Т.Ч. ДТП З ТРАВМОВАНИМИ ОСОБАМИ);13.03.2015 20:15;Стрийська;88
ПОРУШЕННЯ ПРАВИЛ ДОРОЖНЬОГО РУХУ ( В Т.Ч. ДТП З ТРАВМОВАНИМИ ОСОБАМИ);26.02.2015 20:00;Стрийська;
ПОРУШЕННЯ ПРАВИЛ ДОРОЖНЬОГО РУХУ ( В Т.Ч. ДТП З ТРАВМОВАНИМИ ОСОБАМИ);26.02.2015 19:30;Стрийська;
ПОРУШЕННЯ ПРАВИЛ ДОРОЖНЬОГО РУХУ ( В Т.Ч. ДТП З ТРАВМОВАНИМИ ОСОБАМИ);04.02.2015 13:00;Стрийська;4
ПОРУШЕННЯ ПРАВИЛ ДОРОЖНЬОГО РУХУ ( В Т.Ч. ДТП З ТРАВМОВАНИМИ ОСОБАМИ);23.01.2015 14:20;Стрийська;61
ПОРУШЕННЯ ПРАВИЛ ДОРОЖНЬОГО РУХУ ( В Т.Ч. ДТП З ТРАВМОВАНИМИ ОСОБАМИ);08.08.2006 21:30;Стрийська;78
ПОРУШЕННЯ ПРАВИЛ ДОРОЖНЬОГО РУХУ ( В Т.Ч. ДТП З ТРАВМОВАНИМИ ОСОБАМИ);23.05.2015 12:25;Стрийська-Наукова;
ПОРУШЕННЯ ПРАВИЛ ДОРОЖНЬОГО РУХУ ( В Т.Ч. ДТП З ТРАВМОВАНИМИ ОСОБАМИ);28.11.2015 18:30;Стрийська-Рубчака;
ПОРУШЕННЯ ПРАВИЛ ДОРОЖНЬОГО РУХУ ( В Т.Ч. ДТП З ТРАВМОВАНИМИ ОСОБАМИ);03.10.2015 13:20;Стрийська;59
ПОРУШЕННЯ ПРАВИЛ ДОРОЖНЬОГО РУХУ ( В Т.Ч. ДТП З ТРАВМОВАНИМИ ОСОБАМИ);01.09.2015 13:05;Стрийська;86
ПОРУШЕННЯ ПРАВИЛ ДОРОЖНЬОГО РУХУ ( В Т.Ч. ДТП З ТРАВМОВАНИМИ ОСОБАМИ);24.04.2015 18:20;Суботівська;9
ПОРУШЕННЯ ПРАВИЛ ДОРОЖНЬОГО РУХУ ( В Т.Ч. ДТП З ТРАВМОВАНИМИ ОСОБАМИ);01.09.2015 11:00;Сухомлинського (Брюховичі);
ПОРУШЕННЯ ПРАВИЛ ДОРОЖНЬОГО РУХУ ( В Т.Ч. ДТП З ТРАВМОВАНИМИ ОСОБАМИ);24.10.2015 20:45;Сяйво;
ПОРУШЕННЯ ПРАВИЛ ДОРОЖНЬОГО РУХУ ( В Т.Ч. ДТП З ТРАВМОВАНИМИ ОСОБАМИ);04.06.2015 16:15;Сяйво;6
ПОРУШЕННЯ ПРАВИЛ ДОРОЖНЬОГО РУХУ ( В Т.Ч. ДТП З ТРАВМОВАНИМИ ОСОБАМИ);11.06.2015 14:30;Творча;
ПОРУШЕННЯ ПРАВИЛ ДОРОЖНЬОГО РУХУ ( В Т.Ч. ДТП З ТРАВМОВАНИМИ ОСОБАМИ);13.09.2015 20:40;Театральна;22
ПОРУШЕННЯ ПРАВИЛ ДОРОЖНЬОГО РУХУ ( В Т.Ч. ДТП З ТРАВМОВАНИМИ ОСОБАМИ);27.04.2015 19:00;Теліги О.;
ПОРУШЕННЯ ПРАВИЛ ДОРОЖНЬОГО РУХУ ( В Т.Ч. ДТП З ТРАВМОВАНИМИ ОСОБАМИ);23.10.2015 11:30;Тернопільська;
ПОРУШЕННЯ ПРАВИЛ ДОРОЖНЬОГО РУХУ ( В Т.Ч. ДТП З ТРАВМОВАНИМИ ОСОБАМИ);09.06.2015 11:10;Тичини П.;17
ПОРУШЕННЯ ПРАВИЛ ДОРОЖНЬОГО РУХУ ( В Т.Ч. ДТП З ТРАВМОВАНИМИ ОСОБАМИ);06.09.2015 15:00;Торгова;
ПОРУШЕННЯ ПРАВИЛ ДОРОЖНЬОГО РУХУ ( В Т.Ч. ДТП З ТРАВМОВАНИМИ ОСОБАМИ);03.07.2015 15:00;Торгова;
ПОРУШЕННЯ ПРАВИЛ ДОРОЖНЬОГО РУХУ ( В Т.Ч. ДТП З ТРАВМОВАНИМИ ОСОБАМИ);26.04.2015 3:49;Торгова;
ПОРУШЕННЯ ПРАВИЛ ДОРОЖНЬОГО РУХУ ( В Т.Ч. ДТП З ТРАВМОВАНИМИ ОСОБАМИ);15.03.2015 21:05;Торф'яна;12
ПОРУШЕННЯ ПРАВИЛ ДОРОЖНЬОГО РУХУ ( В Т.Ч. ДТП З ТРАВМОВАНИМИ ОСОБАМИ);17.12.2015 8:30;Глинянський Тракт;163
ПОРУШЕННЯ ПРАВИЛ ДОРОЖНЬОГО РУХУ ( В Т.Ч. ДТП З ТРАВМОВАНИМИ ОСОБАМИ);29.07.2015 9:10;Глинянський Тракт;
ПОРУШЕННЯ ПРАВИЛ ДОРОЖНЬОГО РУХУ ( В Т.Ч. ДТП З ТРАВМОВАНИМИ ОСОБАМИ);29.05.2015 11:30;Глинянський Тракт;95
ПОРУШЕННЯ ПРАВИЛ ДОРОЖНЬОГО РУХУ ( В Т.Ч. ДТП З ТРАВМОВАНИМИ ОСОБАМИ);11.06.2015 23:00;Глинянський Тракт;62
ПОРУШЕННЯ ПРАВИЛ ДОРОЖНЬОГО РУХУ ( В Т.Ч. ДТП З ТРАВМОВАНИМИ ОСОБАМИ);27.03.2015 14:30;Трильовського К.;
ПОРУШЕННЯ ПРАВИЛ ДОРОЖНЬОГО РУХУ ( В Т.Ч. ДТП З ТРАВМОВАНИМИ ОСОБАМИ);25.02.2015 5:00;Трильовського К.;
ПОРУШЕННЯ ПРАВИЛ ДОРОЖНЬОГО РУХУ ( В Т.Ч. ДТП З ТРАВМОВАНИМИ ОСОБАМИ);17.10.2015 20:00;Тролейбусна;
ПОРУШЕННЯ ПРАВИЛ ДОРОЖНЬОГО РУХУ ( В Т.Ч. ДТП З ТРАВМОВАНИМИ ОСОБАМИ);07.11.2015 14:30;Тунельна;
ПОРУШЕННЯ ПРАВИЛ ДОРОЖНЬОГО РУХУ ( В Т.Ч. ДТП З ТРАВМОВАНИМИ ОСОБАМИ);09.09.2015 20:30;Тунельна;
ПОРУШЕННЯ ПРАВИЛ ДОРОЖНЬОГО РУХУ ( В Т.Ч. ДТП З ТРАВМОВАНИМИ ОСОБАМИ);05.01.2015 8:15;Тунельна;
ПОРУШЕННЯ ПРАВИЛ ДОРОЖНЬОГО РУХУ ( В Т.Ч. ДТП З ТРАВМОВАНИМИ ОСОБАМИ);23.04.2015 15:35;Угорська;
ПОРУШЕННЯ ПРАВИЛ ДОРОЖНЬОГО РУХУ ( В Т.Ч. ДТП З ТРАВМОВАНИМИ ОСОБАМИ);28.12.2015 22:30;Угорська;
ПОРУШЕННЯ ПРАВИЛ ДОРОЖНЬОГО РУХУ ( В Т.Ч. ДТП З ТРАВМОВАНИМИ ОСОБАМИ);11.11.2015 16:30;Угорська;
ПОРУШЕННЯ ПРАВИЛ ДОРОЖНЬОГО РУХУ ( В Т.Ч. ДТП З ТРАВМОВАНИМИ ОСОБАМИ);29.10.2015 8:10;Угорська;
ПОРУШЕННЯ ПРАВИЛ ДОРОЖНЬОГО РУХУ ( В Т.Ч. ДТП З ТРАВМОВАНИМИ ОСОБАМИ);07.09.2015 7:50;Угорська;
ПОРУШЕННЯ ПРАВИЛ ДОРОЖНЬОГО РУХУ ( В Т.Ч. ДТП З ТРАВМОВАНИМИ ОСОБАМИ);12.06.2015 9:30;Угорська;
ПОРУШЕННЯ ПРАВИЛ ДОРОЖНЬОГО РУХУ ( В Т.Ч. ДТП З ТРАВМОВАНИМИ ОСОБАМИ);16.01.2015 20:20;Угорська;5
ПОРУШЕННЯ ПРАВИЛ ДОРОЖНЬОГО РУХУ ( В Т.Ч. ДТП З ТРАВМОВАНИМИ ОСОБАМИ);23.09.2015 17:30;Університетська;1
ПОРУШЕННЯ ПРАВИЛ ДОРОЖНЬОГО РУХУ ( В Т.Ч. ДТП З ТРАВМОВАНИМИ ОСОБАМИ);20.10.2015 12:52;Федьковича Ю.;
ПОРУШЕННЯ ПРАВИЛ ДОРОЖНЬОГО РУХУ ( В Т.Ч. ДТП З ТРАВМОВАНИМИ ОСОБАМИ);21.09.2015 16:00;Федьковича Ю.;15
ПОРУШЕННЯ ПРАВИЛ ДОРОЖНЬОГО РУХУ ( В Т.Ч. ДТП З ТРАВМОВАНИМИ ОСОБАМИ);01.05.2015 16:22;Федьковича Ю.;10
ПОРУШЕННЯ ПРАВИЛ ДОРОЖНЬОГО РУХУ ( В Т.Ч. ДТП З ТРАВМОВАНИМИ ОСОБАМИ);28.04.2015 18:35;Франка І.;21
ПОРУШЕННЯ ПРАВИЛ ДОРОЖНЬОГО РУХУ ( В Т.Ч. ДТП З ТРАВМОВАНИМИ ОСОБАМИ);12.04.2015 21:00;Франка І.;
ПОРУШЕННЯ ПРАВИЛ ДОРОЖНЬОГО РУХУ ( В Т.Ч. ДТП З ТРАВМОВАНИМИ ОСОБАМИ);22.07.2015 14:49;Франка І.;17
ПОРУШЕННЯ ПРАВИЛ ДОРОЖНЬОГО РУХУ ( В Т.Ч. ДТП З ТРАВМОВАНИМИ ОСОБАМИ);06.02.2015 9:28;Франка І.;66
ПОРУШЕННЯ ПРАВИЛ ДОРОЖНЬОГО РУХУ ( В Т.Ч. ДТП З ТРАВМОВАНИМИ ОСОБАМИ);31.07.2015 15:00;Франка І.;44
ПОРУШЕННЯ ПРАВИЛ ДОРОЖНЬОГО РУХУ ( В Т.Ч. ДТП З ТРАВМОВАНИМИ ОСОБАМИ);24.04.2015 20:30;Франка І.;157
ПОРУШЕННЯ ПРАВИЛ ДОРОЖНЬОГО РУХУ ( В Т.Ч. ДТП З ТРАВМОВАНИМИ ОСОБАМИ);20.04.2015 18:15;Франка І.;35
ПОРУШЕННЯ ПРАВИЛ ДОРОЖНЬОГО РУХУ ( В Т.Ч. ДТП З ТРАВМОВАНИМИ ОСОБАМИ);16.09.2015 14:00;Франка І.;24
ПОРУШЕННЯ ПРАВИЛ ДОРОЖНЬОГО РУХУ ( В Т.Ч. ДТП З ТРАВМОВАНИМИ ОСОБАМИ);01.05.2014 1:00;Франка І.;
ПОРУШЕННЯ ПРАВИЛ ДОРОЖНЬОГО РУХУ ( В Т.Ч. ДТП З ТРАВМОВАНИМИ ОСОБАМИ);29.08.2015 3:00;Хвильового М.;
ПОРУШЕННЯ ПРАВИЛ ДОРОЖНЬОГО РУХУ ( В Т.Ч. ДТП З ТРАВМОВАНИМИ ОСОБАМИ);17.07.2015 17:35;Хвильового М.;
ПОРУШЕННЯ ПРАВИЛ ДОРОЖНЬОГО РУХУ ( В Т.Ч. ДТП З ТРАВМОВАНИМИ ОСОБАМИ);26.05.2015 18:00;Хвильового М.;17
ПОРУШЕННЯ ПРАВИЛ ДОРОЖНЬОГО РУХУ ( В Т.Ч. ДТП З ТРАВМОВАНИМИ ОСОБАМИ);13.11.2015 13:15;Хімічна;22
ПОРУШЕННЯ ПРАВИЛ ДОРОЖНЬОГО РУХУ ( В Т.Ч. ДТП З ТРАВМОВАНИМИ ОСОБАМИ);26.06.2015 15:35;Хімічна;
ПОРУШЕННЯ ПРАВИЛ ДОРОЖНЬОГО РУХУ ( В Т.Ч. ДТП З ТРАВМОВАНИМИ ОСОБАМИ);20.05.2015 3:00;Хімічна;
ПОРУШЕННЯ ПРАВИЛ ДОРОЖНЬОГО РУХУ ( В Т.Ч. ДТП З ТРАВМОВАНИМИ ОСОБАМИ);28.11.2015 14:45;Хмельницького Б.;199
ПОРУШЕННЯ ПРАВИЛ ДОРОЖНЬОГО РУХУ ( В Т.Ч. ДТП З ТРАВМОВАНИМИ ОСОБАМИ);03.10.2015 14:20;Хмельницького Б.;
ПОРУШЕННЯ ПРАВИЛ ДОРОЖНЬОГО РУХУ ( В Т.Ч. ДТП З ТРАВМОВАНИМИ ОСОБАМИ);02.10.2015 20:15;Хмельницького Б.;
ПОРУШЕННЯ ПРАВИЛ ДОРОЖНЬОГО РУХУ ( В Т.Ч. ДТП З ТРАВМОВАНИМИ ОСОБАМИ);01.09.2015 9:00;Хмельницького Б.;
ПОРУШЕННЯ ПРАВИЛ ДОРОЖНЬОГО РУХУ ( В Т.Ч. ДТП З ТРАВМОВАНИМИ ОСОБАМИ);28.03.2015 21:30;Хмельницького Б.;
ПОРУШЕННЯ ПРАВИЛ ДОРОЖНЬОГО РУХУ ( В Т.Ч. ДТП З ТРАВМОВАНИМИ ОСОБАМИ);24.01.2015 19:00;Хмельницького Б.;
ПОРУШЕННЯ ПРАВИЛ ДОРОЖНЬОГО РУХУ ( В Т.Ч. ДТП З ТРАВМОВАНИМИ ОСОБАМИ);20.01.2015 21:25;Хмельницького Б.;
ПОРУШЕННЯ ПРАВИЛ ДОРОЖНЬОГО РУХУ ( В Т.Ч. ДТП З ТРАВМОВАНИМИ ОСОБАМИ);13.10.2015 17:00;Хоткевича Г.;14
ПОРУШЕННЯ ПРАВИЛ ДОРОЖНЬОГО РУХУ ( В Т.Ч. ДТП З ТРАВМОВАНИМИ ОСОБАМИ);24.09.2015 14:00;Хоткевича Г.;
ПОРУШЕННЯ ПРАВИЛ ДОРОЖНЬОГО РУХУ ( В Т.Ч. ДТП З ТРАВМОВАНИМИ ОСОБАМИ);11.08.2015 11:30;Хоткевича Г.;4б
ПОРУШЕННЯ ПРАВИЛ ДОРОЖНЬОГО РУХУ ( В Т.Ч. ДТП З ТРАВМОВАНИМИ ОСОБАМИ);15.06.2015 11:10;Хоткевича Г.;34
ПОРУШЕННЯ ПРАВИЛ ДОРОЖНЬОГО РУХУ ( В Т.Ч. ДТП З ТРАВМОВАНИМИ ОСОБАМИ);13.06.2015 13:51;Хоткевича Г.;62
ПОРУШЕННЯ ПРАВИЛ ДОРОЖНЬОГО РУХУ ( В Т.Ч. ДТП З ТРАВМОВАНИМИ ОСОБАМИ);18.08.2015 15:30;Хуторівка;
ПОРУШЕННЯ ПРАВИЛ ДОРОЖНЬОГО РУХУ ( В Т.Ч. ДТП З ТРАВМОВАНИМИ ОСОБАМИ);10.10.2015 9:30;Хуторівка;
ПОРУШЕННЯ ПРАВИЛ ДОРОЖНЬОГО РУХУ ( В Т.Ч. ДТП З ТРАВМОВАНИМИ ОСОБАМИ);03.09.2015 10:20;Хуторівка;4б
ПОРУШЕННЯ ПРАВИЛ ДОРОЖНЬОГО РУХУ ( В Т.Ч. ДТП З ТРАВМОВАНИМИ ОСОБАМИ);06.07.2015 14:15;Хуторівка;38
ПОРУШЕННЯ ПРАВИЛ ДОРОЖНЬОГО РУХУ ( В Т.Ч. ДТП З ТРАВМОВАНИМИ ОСОБАМИ);02.07.2015 9:35;Хуторівка;4
ПОРУШЕННЯ ПРАВИЛ ДОРОЖНЬОГО РУХУ ( В Т.Ч. ДТП З ТРАВМОВАНИМИ ОСОБАМИ);12.06.2015 23:55;Хуторівка;
ПОРУШЕННЯ ПРАВИЛ ДОРОЖНЬОГО РУХУ ( В Т.Ч. ДТП З ТРАВМОВАНИМИ ОСОБАМИ);28.09.2015 19:20;Хуторівка;4
ПОРУШЕННЯ ПРАВИЛ ДОРОЖНЬОГО РУХУ ( В Т.Ч. ДТП З ТРАВМОВАНИМИ ОСОБАМИ);02.03.2015 16:30;Хуторівка;
ПОРУШЕННЯ ПРАВИЛ ДОРОЖНЬОГО РУХУ ( В Т.Ч. ДТП З ТРАВМОВАНИМИ ОСОБАМИ);13.03.2015 9:00;Хуторівка;
ПОРУШЕННЯ ПРАВИЛ ДОРОЖНЬОГО РУХУ ( В Т.Ч. ДТП З ТРАВМОВАНИМИ ОСОБАМИ);14.01.2015 21:30;Червоної Калини просп.;59
ПОРУШЕННЯ ПРАВИЛ ДОРОЖНЬОГО РУХУ ( В Т.Ч. ДТП З ТРАВМОВАНИМИ ОСОБАМИ);10.12.2015 7:40;Червоної Калини просп.;
ПОРУШЕННЯ ПРАВИЛ ДОРОЖНЬОГО РУХУ ( В Т.Ч. ДТП З ТРАВМОВАНИМИ ОСОБАМИ);08.11.2015 20:15;Червоної Калини просп.;
ПОРУШЕННЯ ПРАВИЛ ДОРОЖНЬОГО РУХУ ( В Т.Ч. ДТП З ТРАВМОВАНИМИ ОСОБАМИ);07.11.2015 21:00;Червоної Калини просп.;
ПОРУШЕННЯ ПРАВИЛ ДОРОЖНЬОГО РУХУ ( В Т.Ч. ДТП З ТРАВМОВАНИМИ ОСОБАМИ);03.11.2015 9:00;Червоної Калини просп.;
ПОРУШЕННЯ ПРАВИЛ ДОРОЖНЬОГО РУХУ ( В Т.Ч. ДТП З ТРАВМОВАНИМИ ОСОБАМИ);31.08.2015 0:45;Червоної Калини просп.;
ПОРУШЕННЯ ПРАВИЛ ДОРОЖНЬОГО РУХУ ( В Т.Ч. ДТП З ТРАВМОВАНИМИ ОСОБАМИ);13.07.2015 4:00;Червоної Калини просп.;61
ПОРУШЕННЯ ПРАВИЛ ДОРОЖНЬОГО РУХУ ( В Т.Ч. ДТП З ТРАВМОВАНИМИ ОСОБАМИ);02.05.2015 12:35;Червоної Калини просп.;
ПОРУШЕННЯ ПРАВИЛ ДОРОЖНЬОГО РУХУ ( В Т.Ч. ДТП З ТРАВМОВАНИМИ ОСОБАМИ);01.04.2015 18:40;Червоної Калини просп.;60
ПОРУШЕННЯ ПРАВИЛ ДОРОЖНЬОГО РУХУ ( В Т.Ч. ДТП З ТРАВМОВАНИМИ ОСОБАМИ);30.01.2015 7:20;Червоної Калини просп.;
ПОРУШЕННЯ ПРАВИЛ ДОРОЖНЬОГО РУХУ ( В Т.Ч. ДТП З ТРАВМОВАНИМИ ОСОБАМИ);04.09.2015 23:20;Чернівецька;
ПОРУШЕННЯ ПРАВИЛ ДОРОЖНЬОГО РУХУ ( В Т.Ч. ДТП З ТРАВМОВАНИМИ ОСОБАМИ);11.07.2015 18:21;Червоної Калини просп.;
ПОРУШЕННЯ ПРАВИЛ ДОРОЖНЬОГО РУХУ ( В Т.Ч. ДТП З ТРАВМОВАНИМИ ОСОБАМИ);17.05.2015 8:56;Червоної Калини просп.;
ПОРУШЕННЯ ПРАВИЛ ДОРОЖНЬОГО РУХУ ( В Т.Ч. ДТП З ТРАВМОВАНИМИ ОСОБАМИ);03.01.2015 22:30;Червоної Калини просп.;85
ПОРУШЕННЯ ПРАВИЛ ДОРОЖНЬОГО РУХУ ( В Т.Ч. ДТП З ТРАВМОВАНИМИ ОСОБАМИ);27.10.2015 16:00;Червоної Калини просп.;
ПОРУШЕННЯ ПРАВИЛ ДОРОЖНЬОГО РУХУ ( В Т.Ч. ДТП З ТРАВМОВАНИМИ ОСОБАМИ);17.09.2015 22:00;Червоної Калини просп.;39
ПОРУШЕННЯ ПРАВИЛ ДОРОЖНЬОГО РУХУ ( В Т.Ч. ДТП З ТРАВМОВАНИМИ ОСОБАМИ);09.09.2015 14:00;Червоної Калини просп.;103
ПОРУШЕННЯ ПРАВИЛ ДОРОЖНЬОГО РУХУ ( В Т.Ч. ДТП З ТРАВМОВАНИМИ ОСОБАМИ);03.05.2015 16:00;Червоної Калини просп.;36
ПОРУШЕННЯ ПРАВИЛ ДОРОЖНЬОГО РУХУ ( В Т.Ч. ДТП З ТРАВМОВАНИМИ ОСОБАМИ);17.03.2015 9:00;Червоної Калини просп.;
ПОРУШЕННЯ ПРАВИЛ ДОРОЖНЬОГО РУХУ ( В Т.Ч. ДТП З ТРАВМОВАНИМИ ОСОБАМИ);13.05.2015 10:45;Чернівецька;
ПОРУШЕННЯ ПРАВИЛ ДОРОЖНЬОГО РУХУ ( В Т.Ч. ДТП З ТРАВМОВАНИМИ ОСОБАМИ);15.12.2015 12:13;Чорновола В.,просп.;
ПОРУШЕННЯ ПРАВИЛ ДОРОЖНЬОГО РУХУ ( В Т.Ч. ДТП З ТРАВМОВАНИМИ ОСОБАМИ);09.11.2015 17:57;Чорновола В.,просп.;105
ПОРУШЕННЯ ПРАВИЛ ДОРОЖНЬОГО РУХУ ( В Т.Ч. ДТП З ТРАВМОВАНИМИ ОСОБАМИ);31.10.2015 14:50;Чорновола В.,просп.;
ПОРУШЕННЯ ПРАВИЛ ДОРОЖНЬОГО РУХУ ( В Т.Ч. ДТП З ТРАВМОВАНИМИ ОСОБАМИ);22.10.2015 12:40;Чорновола В.,просп.;
ПОРУШЕННЯ ПРАВИЛ ДОРОЖНЬОГО РУХУ ( В Т.Ч. ДТП З ТРАВМОВАНИМИ ОСОБАМИ);30.09.2015 11:10;Чорновола В.,просп.;95
ПОРУШЕННЯ ПРАВИЛ ДОРОЖНЬОГО РУХУ ( В Т.Ч. ДТП З ТРАВМОВАНИМИ ОСОБАМИ);24.09.2015 2:20;Чорновола В.,просп.;
ПОРУШЕННЯ ПРАВИЛ ДОРОЖНЬОГО РУХУ ( В Т.Ч. ДТП З ТРАВМОВАНИМИ ОСОБАМИ);17.09.2015 18:10;Чорновола В.,просп.;95
ПОРУШЕННЯ ПРАВИЛ ДОРОЖНЬОГО РУХУ ( В Т.Ч. ДТП З ТРАВМОВАНИМИ ОСОБАМИ);13.09.2015 20:20;Чорновола В.,просп.;
ПОРУШЕННЯ ПРАВИЛ ДОРОЖНЬОГО РУХУ ( В Т.Ч. ДТП З ТРАВМОВАНИМИ ОСОБАМИ);04.09.2015 7:40;Чорновола В.,просп.;6
ПОРУШЕННЯ ПРАВИЛ ДОРОЖНЬОГО РУХУ ( В Т.Ч. ДТП З ТРАВМОВАНИМИ ОСОБАМИ);30.08.2015 18:39;Чорновола В.,просп.;1
ПОРУШЕННЯ ПРАВИЛ ДОРОЖНЬОГО РУХУ ( В Т.Ч. ДТП З ТРАВМОВАНИМИ ОСОБАМИ);29.08.2015 16:15;Чорновола В.,просп.;12
ПОРУШЕННЯ ПРАВИЛ ДОРОЖНЬОГО РУХУ ( В Т.Ч. ДТП З ТРАВМОВАНИМИ ОСОБАМИ);29.07.2015 23:30;Чорновола В.,просп.;
ПОРУШЕННЯ ПРАВИЛ ДОРОЖНЬОГО РУХУ ( В Т.Ч. ДТП З ТРАВМОВАНИМИ ОСОБАМИ);13.07.2015 0:05;Чорновола В.,просп.;
ПОРУШЕННЯ ПРАВИЛ ДОРОЖНЬОГО РУХУ ( В Т.Ч. ДТП З ТРАВМОВАНИМИ ОСОБАМИ);11.06.2015 7:20;Чорновола В.,просп.;
ПОРУШЕННЯ ПРАВИЛ ДОРОЖНЬОГО РУХУ ( В Т.Ч. ДТП З ТРАВМОВАНИМИ ОСОБАМИ);24.05.2015 11:50;Чорновола В.,просп.;
ПОРУШЕННЯ ПРАВИЛ ДОРОЖНЬОГО РУХУ ( В Т.Ч. ДТП З ТРАВМОВАНИМИ ОСОБАМИ);07.05.2015 16:30;Чорновола В.,просп.;
ПОРУШЕННЯ ПРАВИЛ ДОРОЖНЬОГО РУХУ ( В Т.Ч. ДТП З ТРАВМОВАНИМИ ОСОБАМИ);27.04.2015 23:00;Чорновола В.,просп.;9
ПОРУШЕННЯ ПРАВИЛ ДОРОЖНЬОГО РУХУ ( В Т.Ч. ДТП З ТРАВМОВАНИМИ ОСОБАМИ);26.03.2015 17:30;Чорновола В.,просп.;
ПОРУШЕННЯ ПРАВИЛ ДОРОЖНЬОГО РУХУ ( В Т.Ч. ДТП З ТРАВМОВАНИМИ ОСОБАМИ);14.02.2015 20:00;Чорновола В.,просп.;
ПОРУШЕННЯ ПРАВИЛ ДОРОЖНЬОГО РУХУ ( В Т.Ч. ДТП З ТРАВМОВАНИМИ ОСОБАМИ);15.01.2015 15:20;Чорновола В.,просп.;103
ПОРУШЕННЯ ПРАВИЛ ДОРОЖНЬОГО РУХУ ( В Т.Ч. ДТП З ТРАВМОВАНИМИ ОСОБАМИ);21.05.2015 18:42;Чорновола В.,просп.;
ПОРУШЕННЯ ПРАВИЛ ДОРОЖНЬОГО РУХУ ( В Т.Ч. ДТП З ТРАВМОВАНИМИ ОСОБАМИ);07.05.2015 19:00;Чорновола-Хімічна;
ПОРУШЕННЯ ПРАВИЛ ДОРОЖНЬОГО РУХУ ( В Т.Ч. ДТП З ТРАВМОВАНИМИ ОСОБАМИ);10.08.2015 12:05;Чукаріна В.;2
ПОРУШЕННЯ ПРАВИЛ ДОРОЖНЬОГО РУХУ ( В Т.Ч. ДТП З ТРАВМОВАНИМИ ОСОБАМИ);23.09.2015 10:10;Чупринки Т.,ген.;8
ПОРУШЕННЯ ПРАВИЛ ДОРОЖНЬОГО РУХУ ( В Т.Ч. ДТП З ТРАВМОВАНИМИ ОСОБАМИ);18.09.2015 20:50;Чупринки Т.,ген.;
ПОРУШЕННЯ ПРАВИЛ ДОРОЖНЬОГО РУХУ ( В Т.Ч. ДТП З ТРАВМОВАНИМИ ОСОБАМИ);11.09.2015 23:55;Чупринки Т.,ген.;
ПОРУШЕННЯ ПРАВИЛ ДОРОЖНЬОГО РУХУ ( В Т.Ч. ДТП З ТРАВМОВАНИМИ ОСОБАМИ);29.04.2015 21:30;Чупринки Т.,ген.;
ПОРУШЕННЯ ПРАВИЛ ДОРОЖНЬОГО РУХУ ( В Т.Ч. ДТП З ТРАВМОВАНИМИ ОСОБАМИ);23.02.2015 9:30;Чупринки Т.,ген.;43
ПОРУШЕННЯ ПРАВИЛ ДОРОЖНЬОГО РУХУ ( В Т.Ч. ДТП З ТРАВМОВАНИМИ ОСОБАМИ);30.08.2015 12:00;Руставелі Ш.;
ПОРУШЕННЯ ПРАВИЛ ДОРОЖНЬОГО РУХУ ( В Т.Ч. ДТП З ТРАВМОВАНИМИ ОСОБАМИ);01.12.2015 20:25;Шевченка Т.;313
ПОРУШЕННЯ ПРАВИЛ ДОРОЖНЬОГО РУХУ ( В Т.Ч. ДТП З ТРАВМОВАНИМИ ОСОБАМИ);01.12.2015 17:55;Шевченка Т.;315
ПОРУШЕННЯ ПРАВИЛ ДОРОЖНЬОГО РУХУ ( В Т.Ч. ДТП З ТРАВМОВАНИМИ ОСОБАМИ);16.11.2015 9:34;Шевченка Т.;358
ПОРУШЕННЯ ПРАВИЛ ДОРОЖНЬОГО РУХУ ( В Т.Ч. ДТП З ТРАВМОВАНИМИ ОСОБАМИ);14.11.2015 17:00;Шевченка Т.;358
ПОРУШЕННЯ ПРАВИЛ ДОРОЖНЬОГО РУХУ ( В Т.Ч. ДТП З ТРАВМОВАНИМИ ОСОБАМИ);12.11.2015 7:00;Шевченка Т.;297В
ПОРУШЕННЯ ПРАВИЛ ДОРОЖНЬОГО РУХУ ( В Т.Ч. ДТП З ТРАВМОВАНИМИ ОСОБАМИ);08.10.2015 10:20;Шевченка Т.;
ПОРУШЕННЯ ПРАВИЛ ДОРОЖНЬОГО РУХУ ( В Т.Ч. ДТП З ТРАВМОВАНИМИ ОСОБАМИ);02.10.2015 8:10;Шевченка Т.;321
ПОРУШЕННЯ ПРАВИЛ ДОРОЖНЬОГО РУХУ ( В Т.Ч. ДТП З ТРАВМОВАНИМИ ОСОБАМИ);09.09.2015 13:50;Шевченка Т.;115
ПОРУШЕННЯ ПРАВИЛ ДОРОЖНЬОГО РУХУ ( В Т.Ч. ДТП З ТРАВМОВАНИМИ ОСОБАМИ);11.08.2015 15:00;Шевченка Т.;
ПОРУШЕННЯ ПРАВИЛ ДОРОЖНЬОГО РУХУ ( В Т.Ч. ДТП З ТРАВМОВАНИМИ ОСОБАМИ);19.07.2015 2:30;Шевченка Т.;313
ПОРУШЕННЯ ПРАВИЛ ДОРОЖНЬОГО РУХУ ( В Т.Ч. ДТП З ТРАВМОВАНИМИ ОСОБАМИ);25.06.2015 14:00;Шевченка Т.;16
ПОРУШЕННЯ ПРАВИЛ ДОРОЖНЬОГО РУХУ ( В Т.Ч. ДТП З ТРАВМОВАНИМИ ОСОБАМИ);22.06.2015 9:00;Шевченка Т.;271
ПОРУШЕННЯ ПРАВИЛ ДОРОЖНЬОГО РУХУ ( В Т.Ч. ДТП З ТРАВМОВАНИМИ ОСОБАМИ);03.05.2015 21:30;Шевченка Т.;3
ПОРУШЕННЯ ПРАВИЛ ДОРОЖНЬОГО РУХУ ( В Т.Ч. ДТП З ТРАВМОВАНИМИ ОСОБАМИ);03.04.2015 7:00;Шевченка Т.;
ПОРУШЕННЯ ПРАВИЛ ДОРОЖНЬОГО РУХУ ( В Т.Ч. ДТП З ТРАВМОВАНИМИ ОСОБАМИ);28.03.2015 17:00;Шевченка Т.;
ПОРУШЕННЯ ПРАВИЛ ДОРОЖНЬОГО РУХУ ( В Т.Ч. ДТП З ТРАВМОВАНИМИ ОСОБАМИ);27.03.2015 0:00;Шевченка Т.;
ПОРУШЕННЯ ПРАВИЛ ДОРОЖНЬОГО РУХУ ( В Т.Ч. ДТП З ТРАВМОВАНИМИ ОСОБАМИ);22.03.2015 21:50;Шевченка Т.;200
ПОРУШЕННЯ ПРАВИЛ ДОРОЖНЬОГО РУХУ ( В Т.Ч. ДТП З ТРАВМОВАНИМИ ОСОБАМИ);09.02.2015 12:20;Шевченка Т.;22
ПОРУШЕННЯ ПРАВИЛ ДОРОЖНЬОГО РУХУ ( В Т.Ч. ДТП З ТРАВМОВАНИМИ ОСОБАМИ);09.02.2015 12:15;Шевченка Т.;
ПОРУШЕННЯ ПРАВИЛ ДОРОЖНЬОГО РУХУ ( В Т.Ч. ДТП З ТРАВМОВАНИМИ ОСОБАМИ);06.02.2015 12:20;Шевченка Т.;132
ПОРУШЕННЯ ПРАВИЛ ДОРОЖНЬОГО РУХУ ( В Т.Ч. ДТП З ТРАВМОВАНИМИ ОСОБАМИ);22.01.2015 21:00;Шевченка Т.;25
ПОРУШЕННЯ ПРАВИЛ ДОРОЖНЬОГО РУХУ ( В Т.Ч. ДТП З ТРАВМОВАНИМИ ОСОБАМИ);03.01.2015 8:20;Шевченка Т.;
ПОРУШЕННЯ ПРАВИЛ ДОРОЖНЬОГО РУХУ ( В Т.Ч. ДТП З ТРАВМОВАНИМИ ОСОБАМИ);08.08.2015 22:19;Шевченка Т.;350
ПОРУШЕННЯ ПРАВИЛ ДОРОЖНЬОГО РУХУ ( В Т.Ч. ДТП З ТРАВМОВАНИМИ ОСОБАМИ);27.01.2015 20:23;Шевченка Т.;154
ПОРУШЕННЯ ПРАВИЛ ДОРОЖНЬОГО РУХУ ( В Т.Ч. ДТП З ТРАВМОВАНИМИ ОСОБАМИ);02.11.2015 10:45;Шевченка Т.;152
ПОРУШЕННЯ ПРАВИЛ ДОРОЖНЬОГО РУХУ ( В Т.Ч. ДТП З ТРАВМОВАНИМИ ОСОБАМИ);01.10.2015 22:35;Шевченка Т.;
ПОРУШЕННЯ ПРАВИЛ ДОРОЖНЬОГО РУХУ ( В Т.Ч. ДТП З ТРАВМОВАНИМИ ОСОБАМИ);25.09.2015 15:00;Шевченка Т.;85
ПОРУШЕННЯ ПРАВИЛ ДОРОЖНЬОГО РУХУ ( В Т.Ч. ДТП З ТРАВМОВАНИМИ ОСОБАМИ);30.05.2015 18:30;Шевченка Т.;338
ПОРУШЕННЯ ПРАВИЛ ДОРОЖНЬОГО РУХУ ( В Т.Ч. ДТП З ТРАВМОВАНИМИ ОСОБАМИ);31.03.2015 0:00;Шевченка Т.;20
ПОРУШЕННЯ ПРАВИЛ ДОРОЖНЬОГО РУХУ ( В Т.Ч. ДТП З ТРАВМОВАНИМИ ОСОБАМИ);27.07.2015 22:35;Широка;37
ПОРУШЕННЯ ПРАВИЛ ДОРОЖНЬОГО РУХУ ( В Т.Ч. ДТП З ТРАВМОВАНИМИ ОСОБАМИ);16.07.2015 9:10;Широка;
ПОРУШЕННЯ ПРАВИЛ ДОРОЖНЬОГО РУХУ ( В Т.Ч. ДТП З ТРАВМОВАНИМИ ОСОБАМИ);08.06.2015 9:20;Широка;
ПОРУШЕННЯ ПРАВИЛ ДОРОЖНЬОГО РУХУ ( В Т.Ч. ДТП З ТРАВМОВАНИМИ ОСОБАМИ);07.05.2015 0:09;Широка;65
ПОРУШЕННЯ ПРАВИЛ ДОРОЖНЬОГО РУХУ ( В Т.Ч. ДТП З ТРАВМОВАНИМИ ОСОБАМИ);18.12.2015 7:50;Широка;100
ПОРУШЕННЯ ПРАВИЛ ДОРОЖНЬОГО РУХУ ( В Т.Ч. ДТП З ТРАВМОВАНИМИ ОСОБАМИ);11.11.2015 18:00;Широка;
ПОРУШЕННЯ ПРАВИЛ ДОРОЖНЬОГО РУХУ ( В Т.Ч. ДТП З ТРАВМОВАНИМИ ОСОБАМИ);10.11.2015 7:35;Широка;
ПОРУШЕННЯ ПРАВИЛ ДОРОЖНЬОГО РУХУ ( В Т.Ч. ДТП З ТРАВМОВАНИМИ ОСОБАМИ);09.10.2015 9:15;Широка;11
ПОРУШЕННЯ ПРАВИЛ ДОРОЖНЬОГО РУХУ ( В Т.Ч. ДТП З ТРАВМОВАНИМИ ОСОБАМИ);26.09.2015 20:40;Широка;77
ПОРУШЕННЯ ПРАВИЛ ДОРОЖНЬОГО РУХУ ( В Т.Ч. ДТП З ТРАВМОВАНИМИ ОСОБАМИ);22.07.2015 16:00;Широка;
ПОРУШЕННЯ ПРАВИЛ ДОРОЖНЬОГО РУХУ ( В Т.Ч. ДТП З ТРАВМОВАНИМИ ОСОБАМИ);16.06.2015 18:00;Широка;64
ПОРУШЕННЯ ПРАВИЛ ДОРОЖНЬОГО РУХУ ( В Т.Ч. ДТП З ТРАВМОВАНИМИ ОСОБАМИ);02.11.2015 20:25;Шолом-Алейхема Ш.;4
ПОРУШЕННЯ ПРАВИЛ ДОРОЖНЬОГО РУХУ ( В Т.Ч. ДТП З ТРАВМОВАНИМИ ОСОБАМИ);14.01.2015 14:25;Шолом-Алейхема Ш.;12
ПОРУШЕННЯ ПРАВИЛ ДОРОЖНЬОГО РУХУ ( В Т.Ч. ДТП З ТРАВМОВАНИМИ ОСОБАМИ);02.05.2015 19:10;Шпитальна;21
ПОРУШЕННЯ ПРАВИЛ ДОРОЖНЬОГО РУХУ ( В Т.Ч. ДТП З ТРАВМОВАНИМИ ОСОБАМИ);04.03.2015 10:00;Шараневича І.;
ПОРУШЕННЯ ПРАВИЛ ДОРОЖНЬОГО РУХУ ( В Т.Ч. ДТП З ТРАВМОВАНИМИ ОСОБАМИ);23.09.2015 16:00;Шухевича В.;
ПОРУШЕННЯ ПРАВИЛ ДОРОЖНЬОГО РУХУ ( В Т.Ч. ДТП З ТРАВМОВАНИМИ ОСОБАМИ);18.07.2015 13:15;Щирецька;
ПОРУШЕННЯ ПРАВИЛ ДОРОЖНЬОГО РУХУ ( В Т.Ч. ДТП З ТРАВМОВАНИМИ ОСОБАМИ);14.11.2015 8:00;Щирецька;1
ПОРУШЕННЯ ПРАВИЛ ДОРОЖНЬОГО РУХУ ( В Т.Ч. ДТП З ТРАВМОВАНИМИ ОСОБАМИ);12.07.2015 22:15;Щирецька;
ПОРУШЕННЯ ПРАВИЛ ДОРОЖНЬОГО РУХУ ( В Т.Ч. ДТП З ТРАВМОВАНИМИ ОСОБАМИ);15.11.2015 15:05;Юнаківа М.,ген.;26
ПОРУШЕННЯ ПРАВИЛ ДОРОЖНЬОГО РУХУ ( В Т.Ч. ДТП З ТРАВМОВАНИМИ ОСОБАМИ);23.06.2015 20:15;Яворницького Д.;
ПОРУШЕННЯ ПРАВИЛ ДОРОЖНЬОГО РУХУ ( В Т.Ч. ДТП З ТРАВМОВАНИМИ ОСОБАМИ);30.12.2015 12:00;Янева В.;6
